candidate_id,weakness
18,Distracted
42,Distracted
63,Distracted
83,Distracted
86,Distracted
110,Distracted
121,Distracted
140,Distracted
144,Distracted
149,Distracted
158,Distracted
167,Distracted
241,Distracted
252,Distracted
257,Distracted
267,Distracted
380,Distracted
433,Distracted
438,Distracted
441,Distracted
452,Distracted
459,Distracted
467,Distracted
472,Distracted
489,Distracted
496,Distracted
560,Distracted
567,Distracted
579,Distracted
608,Distracted
631,Distracted
632,Distracted
637,Distracted
639,Distracted
652,Distracted
669,Distracted
673,Distracted
682,Distracted
692,Distracted
748,Distracted
773,Distracted
798,Distracted
836,Distracted
868,Distracted
896,Distracted
903,Distracted
923,Distracted
935,Distracted
977,Distracted
982,Distracted
996,Distracted
1036,Distracted
1098,Distracted
1105,Distracted
1139,Distracted
1167,Distracted
1181,Distracted
1191,Distracted
1204,Distracted
1231,Distracted
1244,Distracted
1250,Distracted
1252,Distracted
1258,Distracted
1307,Distracted
1315,Distracted
1330,Distracted
1350,Distracted
1439,Distracted
1454,Distracted
1455,Distracted
1460,Distracted
1493,Distracted
1499,Distracted
1520,Distracted
1549,Distracted
1600,Distracted
1632,Distracted
1659,Distracted
1671,Distracted
1699,Distracted
1705,Distracted
1724,Distracted
1730,Distracted
1731,Distracted
1743,Distracted
1761,Distracted
1795,Distracted
1801,Distracted
1819,Distracted
1829,Distracted
1831,Distracted
1837,Distracted
1865,Distracted
1909,Distracted
1933,Distracted
1938,Distracted
1961,Distracted
1980,Distracted
2003,Distracted
2030,Distracted
2041,Distracted
2069,Distracted
2086,Distracted
2095,Distracted
2102,Distracted
2121,Distracted
2143,Distracted
2154,Distracted
2185,Distracted
2209,Distracted
2229,Distracted
2240,Distracted
2326,Distracted
2347,Distracted
2348,Distracted
2349,Distracted
2352,Distracted
2393,Distracted
2405,Distracted
2432,Distracted
2439,Distracted
2457,Distracted
2458,Distracted
2465,Distracted
2481,Distracted
2484,Distracted
2510,Distracted
2521,Distracted
2522,Distracted
2584,Distracted
2586,Distracted
2592,Distracted
2614,Distracted
2623,Distracted
2638,Distracted
2644,Distracted
2650,Distracted
2657,Distracted
2666,Distracted
2687,Distracted
2695,Distracted
2706,Distracted
2723,Distracted
2729,Distracted
2739,Distracted
2745,Distracted
2776,Distracted
2786,Distracted
2829,Distracted
2837,Distracted
2852,Distracted
2862,Distracted
2868,Distracted
2870,Distracted
2875,Distracted
2878,Distracted
2887,Distracted
2943,Distracted
2979,Distracted
2982,Distracted
2989,Distracted
3022,Distracted
3025,Distracted
3028,Distracted
3048,Distracted
3051,Distracted
3068,Distracted
3091,Distracted
3105,Distracted
3178,Distracted
3194,Distracted
3221,Distracted
3232,Distracted
3255,Distracted
3257,Distracted
3271,Distracted
3277,Distracted
3308,Distracted
3309,Distracted
3375,Distracted
3385,Distracted
3401,Distracted
3408,Distracted
3409,Distracted
3411,Distracted
3417,Distracted
3440,Distracted
3474,Distracted
3490,Distracted
3502,Distracted
3536,Distracted
3539,Distracted
3608,Distracted
3624,Distracted
3672,Distracted
3679,Distracted
3686,Distracted
3695,Distracted
3785,Distracted
3808,Distracted
3844,Distracted
3849,Distracted
3863,Distracted
3887,Distracted
3908,Distracted
3939,Distracted
3956,Distracted
3957,Distracted
3986,Distracted
3989,Distracted
3998,Distracted
4001,Distracted
4031,Distracted
4057,Distracted
4109,Distracted
4124,Distracted
4166,Distracted
4186,Distracted
4192,Distracted
4200,Distracted
4230,Distracted
4233,Distracted
4245,Distracted
4255,Distracted
4302,Distracted
4309,Distracted
4319,Distracted
4337,Distracted
4351,Distracted
4357,Distracted
4362,Distracted
4385,Distracted
4394,Distracted
4432,Distracted
4435,Distracted
4488,Distracted
4564,Distracted
4566,Distracted
4585,Distracted
4593,Distracted
4603,Distracted
4605,Distracted
4622,Distracted
4628,Distracted
4639,Distracted
4670,Distracted
18,Impulsive
26,Impulsive
35,Impulsive
66,Impulsive
92,Impulsive
101,Impulsive
110,Impulsive
117,Impulsive
123,Impulsive
135,Impulsive
141,Impulsive
176,Impulsive
178,Impulsive
215,Impulsive
225,Impulsive
246,Impulsive
380,Impulsive
382,Impulsive
407,Impulsive
411,Impulsive
412,Impulsive
452,Impulsive
461,Impulsive
470,Impulsive
476,Impulsive
505,Impulsive
511,Impulsive
516,Impulsive
571,Impulsive
576,Impulsive
589,Impulsive
641,Impulsive
757,Impulsive
809,Impulsive
825,Impulsive
834,Impulsive
860,Impulsive
872,Impulsive
923,Impulsive
955,Impulsive
956,Impulsive
957,Impulsive
967,Impulsive
997,Impulsive
1052,Impulsive
1059,Impulsive
1081,Impulsive
1089,Impulsive
1105,Impulsive
1126,Impulsive
1133,Impulsive
1134,Impulsive
1135,Impulsive
1158,Impulsive
1172,Impulsive
1198,Impulsive
1213,Impulsive
1243,Impulsive
1252,Impulsive
1292,Impulsive
1301,Impulsive
1305,Impulsive
1332,Impulsive
1336,Impulsive
1351,Impulsive
1369,Impulsive
1404,Impulsive
1415,Impulsive
1459,Impulsive
1462,Impulsive
1544,Impulsive
1597,Impulsive
1604,Impulsive
1630,Impulsive
1631,Impulsive
1632,Impulsive
1639,Impulsive
1654,Impulsive
1658,Impulsive
1712,Impulsive
1715,Impulsive
1720,Impulsive
1769,Impulsive
1776,Impulsive
1779,Impulsive
1786,Impulsive
1798,Impulsive
1813,Impulsive
1855,Impulsive
1856,Impulsive
1871,Impulsive
1902,Impulsive
1928,Impulsive
1935,Impulsive
1965,Impulsive
1988,Impulsive
1991,Impulsive
1998,Impulsive
2011,Impulsive
2031,Impulsive
2046,Impulsive
2053,Impulsive
2081,Impulsive
2086,Impulsive
2151,Impulsive
2190,Impulsive
2220,Impulsive
2229,Impulsive
2242,Impulsive
2254,Impulsive
2268,Impulsive
2287,Impulsive
2307,Impulsive
2335,Impulsive
2351,Impulsive
2365,Impulsive
2376,Impulsive
2396,Impulsive
2480,Impulsive
2482,Impulsive
2497,Impulsive
2510,Impulsive
2529,Impulsive
2540,Impulsive
2573,Impulsive
2589,Impulsive
2601,Impulsive
2627,Impulsive
2632,Impulsive
2635,Impulsive
2702,Impulsive
2736,Impulsive
2777,Impulsive
2780,Impulsive
2783,Impulsive
2810,Impulsive
2820,Impulsive
2844,Impulsive
2875,Impulsive
2898,Impulsive
2935,Impulsive
2939,Impulsive
2941,Impulsive
2951,Impulsive
2958,Impulsive
2963,Impulsive
2996,Impulsive
3002,Impulsive
3051,Impulsive
3058,Impulsive
3064,Impulsive
3067,Impulsive
3105,Impulsive
3114,Impulsive
3120,Impulsive
3121,Impulsive
3140,Impulsive
3145,Impulsive
3158,Impulsive
3177,Impulsive
3180,Impulsive
3183,Impulsive
3197,Impulsive
3231,Impulsive
3238,Impulsive
3273,Impulsive
3279,Impulsive
3341,Impulsive
3359,Impulsive
3367,Impulsive
3379,Impulsive
3399,Impulsive
3400,Impulsive
3411,Impulsive
3412,Impulsive
3414,Impulsive
3420,Impulsive
3484,Impulsive
3495,Impulsive
3501,Impulsive
3510,Impulsive
3546,Impulsive
3598,Impulsive
3605,Impulsive
3642,Impulsive
3651,Impulsive
3681,Impulsive
3683,Impulsive
3707,Impulsive
3723,Impulsive
3724,Impulsive
3730,Impulsive
3738,Impulsive
3777,Impulsive
3808,Impulsive
3821,Impulsive
3830,Impulsive
3841,Impulsive
3842,Impulsive
3849,Impulsive
3871,Impulsive
3878,Impulsive
3895,Impulsive
3901,Impulsive
3935,Impulsive
3940,Impulsive
3975,Impulsive
4030,Impulsive
4055,Impulsive
4080,Impulsive
4094,Impulsive
4097,Impulsive
4104,Impulsive
4163,Impulsive
4179,Impulsive
4215,Impulsive
4225,Impulsive
4231,Impulsive
4241,Impulsive
4263,Impulsive
4278,Impulsive
4300,Impulsive
4369,Impulsive
4389,Impulsive
4402,Impulsive
4406,Impulsive
4415,Impulsive
4430,Impulsive
4441,Impulsive
4444,Impulsive
4454,Impulsive
4466,Impulsive
4507,Impulsive
4520,Impulsive
4530,Impulsive
4536,Impulsive
4544,Impulsive
4558,Impulsive
4569,Impulsive
4583,Impulsive
4591,Impulsive
4622,Impulsive
4624,Impulsive
4625,Impulsive
4626,Impulsive
4629,Impulsive
4634,Impulsive
4653,Impulsive
4658,Impulsive
4666,Impulsive
4678,Impulsive
2,Introverted
9,Introverted
15,Introverted
22,Introverted
71,Introverted
86,Introverted
102,Introverted
119,Introverted
120,Introverted
130,Introverted
133,Introverted
141,Introverted
147,Introverted
152,Introverted
197,Introverted
204,Introverted
224,Introverted
243,Introverted
269,Introverted
380,Introverted
382,Introverted
396,Introverted
403,Introverted
431,Introverted
455,Introverted
475,Introverted
477,Introverted
523,Introverted
524,Introverted
533,Introverted
564,Introverted
583,Introverted
589,Introverted
618,Introverted
622,Introverted
628,Introverted
629,Introverted
638,Introverted
658,Introverted
667,Introverted
699,Introverted
700,Introverted
708,Introverted
721,Introverted
741,Introverted
748,Introverted
763,Introverted
777,Introverted
799,Introverted
800,Introverted
821,Introverted
847,Introverted
863,Introverted
866,Introverted
885,Introverted
887,Introverted
892,Introverted
894,Introverted
913,Introverted
918,Introverted
924,Introverted
925,Introverted
945,Introverted
1031,Introverted
1033,Introverted
1040,Introverted
1047,Introverted
1059,Introverted
1126,Introverted
1196,Introverted
1206,Introverted
1207,Introverted
1218,Introverted
1220,Introverted
1240,Introverted
1250,Introverted
1253,Introverted
1264,Introverted
1269,Introverted
1283,Introverted
1311,Introverted
1345,Introverted
1349,Introverted
1350,Introverted
1371,Introverted
1412,Introverted
1414,Introverted
1425,Introverted
1435,Introverted
1475,Introverted
1493,Introverted
1520,Introverted
1523,Introverted
1548,Introverted
1573,Introverted
1579,Introverted
1621,Introverted
1641,Introverted
1658,Introverted
1699,Introverted
1700,Introverted
1739,Introverted
1795,Introverted
1801,Introverted
1818,Introverted
1837,Introverted
1847,Introverted
1851,Introverted
1852,Introverted
1894,Introverted
1896,Introverted
1966,Introverted
1969,Introverted
1998,Introverted
2003,Introverted
2005,Introverted
2024,Introverted
2051,Introverted
2078,Introverted
2122,Introverted
2157,Introverted
2217,Introverted
2233,Introverted
2266,Introverted
2289,Introverted
2330,Introverted
2372,Introverted
2400,Introverted
2403,Introverted
2410,Introverted
2419,Introverted
2424,Introverted
2437,Introverted
2458,Introverted
2465,Introverted
2477,Introverted
2480,Introverted
2573,Introverted
2609,Introverted
2610,Introverted
2629,Introverted
2641,Introverted
2664,Introverted
2701,Introverted
2710,Introverted
2722,Introverted
2740,Introverted
2742,Introverted
2749,Introverted
2772,Introverted
2774,Introverted
2801,Introverted
2808,Introverted
2820,Introverted
2842,Introverted
2849,Introverted
2850,Introverted
2851,Introverted
2935,Introverted
2953,Introverted
2958,Introverted
2962,Introverted
3047,Introverted
3054,Introverted
3085,Introverted
3087,Introverted
3092,Introverted
3093,Introverted
3119,Introverted
3133,Introverted
3183,Introverted
3186,Introverted
3195,Introverted
3220,Introverted
3225,Introverted
3255,Introverted
3267,Introverted
3269,Introverted
3281,Introverted
3309,Introverted
3345,Introverted
3351,Introverted
3378,Introverted
3392,Introverted
3414,Introverted
3424,Introverted
3451,Introverted
3469,Introverted
3472,Introverted
3552,Introverted
3565,Introverted
3583,Introverted
3662,Introverted
3665,Introverted
3671,Introverted
3684,Introverted
3693,Introverted
3723,Introverted
3745,Introverted
3749,Introverted
3765,Introverted
3766,Introverted
3800,Introverted
3816,Introverted
3817,Introverted
3848,Introverted
3884,Introverted
3954,Introverted
3968,Introverted
3994,Introverted
4016,Introverted
4020,Introverted
4113,Introverted
4130,Introverted
4133,Introverted
4147,Introverted
4150,Introverted
4176,Introverted
4217,Introverted
4268,Introverted
4271,Introverted
4287,Introverted
4314,Introverted
4317,Introverted
4351,Introverted
4362,Introverted
4433,Introverted
4441,Introverted
4446,Introverted
4469,Introverted
4506,Introverted
4555,Introverted
4588,Introverted
4687,Introverted
4693,Introverted
9,Overbearing
25,Overbearing
47,Overbearing
48,Overbearing
54,Overbearing
63,Overbearing
64,Overbearing
85,Overbearing
96,Overbearing
119,Overbearing
147,Overbearing
164,Overbearing
165,Overbearing
172,Overbearing
174,Overbearing
190,Overbearing
191,Overbearing
198,Overbearing
246,Overbearing
262,Overbearing
276,Overbearing
381,Overbearing
398,Overbearing
415,Overbearing
419,Overbearing
430,Overbearing
445,Overbearing
494,Overbearing
495,Overbearing
560,Overbearing
583,Overbearing
593,Overbearing
602,Overbearing
607,Overbearing
614,Overbearing
629,Overbearing
659,Overbearing
673,Overbearing
679,Overbearing
740,Overbearing
741,Overbearing
749,Overbearing
764,Overbearing
772,Overbearing
774,Overbearing
787,Overbearing
788,Overbearing
828,Overbearing
840,Overbearing
867,Overbearing
868,Overbearing
875,Overbearing
884,Overbearing
944,Overbearing
950,Overbearing
967,Overbearing
996,Overbearing
1033,Overbearing
1110,Overbearing
1123,Overbearing
1139,Overbearing
1144,Overbearing
1167,Overbearing
1179,Overbearing
1196,Overbearing
1208,Overbearing
1221,Overbearing
1278,Overbearing
1302,Overbearing
1313,Overbearing
1314,Overbearing
1369,Overbearing
1388,Overbearing
1439,Overbearing
1477,Overbearing
1483,Overbearing
1488,Overbearing
1511,Overbearing
1543,Overbearing
1559,Overbearing
1571,Overbearing
1574,Overbearing
1614,Overbearing
1617,Overbearing
1620,Overbearing
1624,Overbearing
1642,Overbearing
1652,Overbearing
1655,Overbearing
1659,Overbearing
1660,Overbearing
1661,Overbearing
1664,Overbearing
1669,Overbearing
1687,Overbearing
1691,Overbearing
1731,Overbearing
1735,Overbearing
1739,Overbearing
1743,Overbearing
1765,Overbearing
1785,Overbearing
1789,Overbearing
1805,Overbearing
1822,Overbearing
1835,Overbearing
1868,Overbearing
1883,Overbearing
1929,Overbearing
1930,Overbearing
1949,Overbearing
1983,Overbearing
1988,Overbearing
2002,Overbearing
2010,Overbearing
2015,Overbearing
2019,Overbearing
2036,Overbearing
2038,Overbearing
2045,Overbearing
2089,Overbearing
2099,Overbearing
2103,Overbearing
2108,Overbearing
2126,Overbearing
2140,Overbearing
2158,Overbearing
2189,Overbearing
2208,Overbearing
2239,Overbearing
2246,Overbearing
2255,Overbearing
2280,Overbearing
2312,Overbearing
2338,Overbearing
2350,Overbearing
2378,Overbearing
2397,Overbearing
2412,Overbearing
2415,Overbearing
2421,Overbearing
2436,Overbearing
2489,Overbearing
2513,Overbearing
2567,Overbearing
2580,Overbearing
2593,Overbearing
2597,Overbearing
2608,Overbearing
2630,Overbearing
2644,Overbearing
2683,Overbearing
2737,Overbearing
2745,Overbearing
2748,Overbearing
2776,Overbearing
2781,Overbearing
2802,Overbearing
2812,Overbearing
2815,Overbearing
2818,Overbearing
2829,Overbearing
2839,Overbearing
2850,Overbearing
2876,Overbearing
2878,Overbearing
2900,Overbearing
2906,Overbearing
2965,Overbearing
2973,Overbearing
2989,Overbearing
3042,Overbearing
3043,Overbearing
3074,Overbearing
3089,Overbearing
3116,Overbearing
3174,Overbearing
3177,Overbearing
3200,Overbearing
3288,Overbearing
3292,Overbearing
3402,Overbearing
3407,Overbearing
3415,Overbearing
3437,Overbearing
3463,Overbearing
3487,Overbearing
3489,Overbearing
3510,Overbearing
3537,Overbearing
3545,Overbearing
3578,Overbearing
3605,Overbearing
3611,Overbearing
3621,Overbearing
3642,Overbearing
3669,Overbearing
3670,Overbearing
3696,Overbearing
3700,Overbearing
3730,Overbearing
3748,Overbearing
3753,Overbearing
3798,Overbearing
3814,Overbearing
3828,Overbearing
3847,Overbearing
3875,Overbearing
3880,Overbearing
3895,Overbearing
3897,Overbearing
3902,Overbearing
3906,Overbearing
3909,Overbearing
3926,Overbearing
3952,Overbearing
3958,Overbearing
3977,Overbearing
3984,Overbearing
3987,Overbearing
3997,Overbearing
4031,Overbearing
4050,Overbearing
4057,Overbearing
4069,Overbearing
4079,Overbearing
4081,Overbearing
4089,Overbearing
4093,Overbearing
4101,Overbearing
4133,Overbearing
4175,Overbearing
4231,Overbearing
4241,Overbearing
4253,Overbearing
4268,Overbearing
4279,Overbearing
4293,Overbearing
4324,Overbearing
4338,Overbearing
4376,Overbearing
4393,Overbearing
4426,Overbearing
4432,Overbearing
4462,Overbearing
4468,Overbearing
4480,Overbearing
4491,Overbearing
4502,Overbearing
4517,Overbearing
4524,Overbearing
4540,Overbearing
4588,Overbearing
4623,Overbearing
4627,Overbearing
4649,Overbearing
4650,Overbearing
4661,Overbearing
4662,Overbearing
17,Chatty
39,Chatty
47,Chatty
59,Chatty
65,Chatty
68,Chatty
74,Chatty
75,Chatty
115,Chatty
150,Chatty
179,Chatty
186,Chatty
211,Chatty
216,Chatty
223,Chatty
227,Chatty
235,Chatty
381,Chatty
387,Chatty
423,Chatty
425,Chatty
467,Chatty
481,Chatty
482,Chatty
489,Chatty
497,Chatty
511,Chatty
531,Chatty
536,Chatty
561,Chatty
574,Chatty
580,Chatty
582,Chatty
590,Chatty
597,Chatty
602,Chatty
607,Chatty
634,Chatty
698,Chatty
730,Chatty
753,Chatty
781,Chatty
799,Chatty
803,Chatty
869,Chatty
890,Chatty
906,Chatty
954,Chatty
959,Chatty
978,Chatty
996,Chatty
1009,Chatty
1050,Chatty
1098,Chatty
1124,Chatty
1151,Chatty
1172,Chatty
1255,Chatty
1267,Chatty
1269,Chatty
1277,Chatty
1283,Chatty
1288,Chatty
1292,Chatty
1295,Chatty
1296,Chatty
1298,Chatty
1325,Chatty
1342,Chatty
1350,Chatty
1383,Chatty
1395,Chatty
1451,Chatty
1470,Chatty
1498,Chatty
1507,Chatty
1536,Chatty
1558,Chatty
1566,Chatty
1568,Chatty
1598,Chatty
1621,Chatty
1625,Chatty
1626,Chatty
1627,Chatty
1639,Chatty
1669,Chatty
1691,Chatty
1695,Chatty
1728,Chatty
1736,Chatty
1763,Chatty
1770,Chatty
1783,Chatty
1799,Chatty
1806,Chatty
1822,Chatty
1898,Chatty
1909,Chatty
1910,Chatty
1931,Chatty
1990,Chatty
1992,Chatty
2052,Chatty
2054,Chatty
2057,Chatty
2077,Chatty
2080,Chatty
2107,Chatty
2110,Chatty
2111,Chatty
2136,Chatty
2157,Chatty
2193,Chatty
2229,Chatty
2232,Chatty
2234,Chatty
2238,Chatty
2255,Chatty
2260,Chatty
2270,Chatty
2284,Chatty
2310,Chatty
2322,Chatty
2365,Chatty
2411,Chatty
2425,Chatty
2457,Chatty
2459,Chatty
2511,Chatty
2534,Chatty
2552,Chatty
2585,Chatty
2600,Chatty
2602,Chatty
2605,Chatty
2618,Chatty
2622,Chatty
2629,Chatty
2630,Chatty
2642,Chatty
2679,Chatty
2706,Chatty
2714,Chatty
2720,Chatty
2747,Chatty
2763,Chatty
2766,Chatty
2784,Chatty
2815,Chatty
2829,Chatty
2856,Chatty
2924,Chatty
2927,Chatty
2932,Chatty
2933,Chatty
2937,Chatty
2949,Chatty
2960,Chatty
2971,Chatty
2974,Chatty
2984,Chatty
2985,Chatty
2992,Chatty
2993,Chatty
3002,Chatty
3029,Chatty
3044,Chatty
3058,Chatty
3071,Chatty
3084,Chatty
3085,Chatty
3104,Chatty
3119,Chatty
3121,Chatty
3153,Chatty
3163,Chatty
3172,Chatty
3222,Chatty
3226,Chatty
3252,Chatty
3286,Chatty
3294,Chatty
3308,Chatty
3343,Chatty
3346,Chatty
3376,Chatty
3396,Chatty
3423,Chatty
3510,Chatty
3520,Chatty
3530,Chatty
3548,Chatty
3583,Chatty
3601,Chatty
3611,Chatty
3619,Chatty
3640,Chatty
3655,Chatty
3681,Chatty
3697,Chatty
3717,Chatty
3745,Chatty
3755,Chatty
3761,Chatty
3775,Chatty
3785,Chatty
3796,Chatty
3797,Chatty
3800,Chatty
3826,Chatty
3832,Chatty
3859,Chatty
3924,Chatty
3960,Chatty
3980,Chatty
3995,Chatty
4020,Chatty
4026,Chatty
4033,Chatty
4034,Chatty
4060,Chatty
4062,Chatty
4080,Chatty
4094,Chatty
4113,Chatty
4119,Chatty
4141,Chatty
4143,Chatty
4149,Chatty
4162,Chatty
4179,Chatty
4194,Chatty
4196,Chatty
4203,Chatty
4206,Chatty
4251,Chatty
4252,Chatty
4304,Chatty
4321,Chatty
4333,Chatty
4338,Chatty
4349,Chatty
4387,Chatty
4423,Chatty
4426,Chatty
4439,Chatty
4444,Chatty
4471,Chatty
4474,Chatty
4565,Chatty
4592,Chatty
4612,Chatty
4660,Chatty
4676,Chatty
22,Indifferent
41,Indifferent
56,Indifferent
59,Indifferent
68,Indifferent
115,Indifferent
118,Indifferent
146,Indifferent
156,Indifferent
160,Indifferent
161,Indifferent
189,Indifferent
200,Indifferent
202,Indifferent
226,Indifferent
238,Indifferent
242,Indifferent
274,Indifferent
381,Indifferent
403,Indifferent
405,Indifferent
424,Indifferent
426,Indifferent
437,Indifferent
446,Indifferent
479,Indifferent
503,Indifferent
504,Indifferent
506,Indifferent
514,Indifferent
522,Indifferent
529,Indifferent
532,Indifferent
534,Indifferent
539,Indifferent
542,Indifferent
553,Indifferent
562,Indifferent
578,Indifferent
596,Indifferent
598,Indifferent
601,Indifferent
604,Indifferent
647,Indifferent
680,Indifferent
713,Indifferent
729,Indifferent
756,Indifferent
758,Indifferent
773,Indifferent
803,Indifferent
808,Indifferent
823,Indifferent
824,Indifferent
834,Indifferent
839,Indifferent
844,Indifferent
845,Indifferent
873,Indifferent
897,Indifferent
918,Indifferent
1033,Indifferent
1042,Indifferent
1043,Indifferent
1060,Indifferent
1089,Indifferent
1156,Indifferent
1164,Indifferent
1230,Indifferent
1259,Indifferent
1275,Indifferent
1291,Indifferent
1348,Indifferent
1407,Indifferent
1430,Indifferent
1452,Indifferent
1458,Indifferent
1467,Indifferent
1472,Indifferent
1475,Indifferent
1489,Indifferent
1535,Indifferent
1538,Indifferent
1557,Indifferent
1595,Indifferent
1617,Indifferent
1634,Indifferent
1640,Indifferent
1685,Indifferent
1722,Indifferent
1742,Indifferent
1755,Indifferent
1764,Indifferent
1777,Indifferent
1821,Indifferent
1866,Indifferent
1873,Indifferent
1878,Indifferent
1883,Indifferent
1892,Indifferent
1919,Indifferent
1940,Indifferent
1968,Indifferent
1970,Indifferent
1994,Indifferent
2005,Indifferent
2015,Indifferent
2022,Indifferent
2032,Indifferent
2055,Indifferent
2096,Indifferent
2098,Indifferent
2120,Indifferent
2130,Indifferent
2181,Indifferent
2185,Indifferent
2188,Indifferent
2237,Indifferent
2274,Indifferent
2288,Indifferent
2301,Indifferent
2311,Indifferent
2314,Indifferent
2330,Indifferent
2343,Indifferent
2344,Indifferent
2349,Indifferent
2353,Indifferent
2362,Indifferent
2385,Indifferent
2413,Indifferent
2447,Indifferent
2452,Indifferent
2528,Indifferent
2529,Indifferent
2532,Indifferent
2546,Indifferent
2557,Indifferent
2587,Indifferent
2603,Indifferent
2654,Indifferent
2658,Indifferent
2664,Indifferent
2690,Indifferent
2704,Indifferent
2731,Indifferent
2756,Indifferent
2773,Indifferent
2799,Indifferent
2807,Indifferent
2811,Indifferent
2825,Indifferent
2849,Indifferent
2872,Indifferent
2887,Indifferent
2913,Indifferent
2926,Indifferent
2930,Indifferent
2935,Indifferent
2971,Indifferent
2991,Indifferent
3052,Indifferent
3055,Indifferent
3067,Indifferent
3076,Indifferent
3077,Indifferent
3091,Indifferent
3117,Indifferent
3133,Indifferent
3166,Indifferent
3193,Indifferent
3235,Indifferent
3267,Indifferent
3310,Indifferent
3314,Indifferent
3343,Indifferent
3348,Indifferent
3377,Indifferent
3388,Indifferent
3406,Indifferent
3411,Indifferent
3424,Indifferent
3436,Indifferent
3508,Indifferent
3527,Indifferent
3565,Indifferent
3638,Indifferent
3683,Indifferent
3700,Indifferent
3710,Indifferent
3751,Indifferent
3782,Indifferent
3787,Indifferent
3795,Indifferent
3807,Indifferent
3811,Indifferent
3837,Indifferent
3842,Indifferent
3847,Indifferent
3854,Indifferent
3866,Indifferent
3918,Indifferent
3929,Indifferent
3978,Indifferent
3981,Indifferent
3984,Indifferent
3994,Indifferent
4017,Indifferent
4038,Indifferent
4041,Indifferent
4043,Indifferent
4065,Indifferent
4067,Indifferent
4093,Indifferent
4107,Indifferent
4115,Indifferent
4125,Indifferent
4157,Indifferent
4161,Indifferent
4163,Indifferent
4174,Indifferent
4177,Indifferent
4198,Indifferent
4234,Indifferent
4237,Indifferent
4239,Indifferent
4266,Indifferent
4297,Indifferent
4310,Indifferent
4324,Indifferent
4330,Indifferent
4334,Indifferent
4340,Indifferent
4357,Indifferent
4420,Indifferent
4430,Indifferent
4432,Indifferent
4444,Indifferent
4480,Indifferent
4483,Indifferent
4484,Indifferent
4500,Indifferent
4503,Indifferent
4515,Indifferent
4518,Indifferent
4559,Indifferent
4598,Indifferent
4612,Indifferent
4618,Indifferent
4623,Indifferent
4680,Indifferent
16,Anxious
34,Anxious
67,Anxious
82,Anxious
122,Anxious
130,Anxious
149,Anxious
180,Anxious
209,Anxious
214,Anxious
219,Anxious
224,Anxious
254,Anxious
270,Anxious
382,Anxious
410,Anxious
425,Anxious
446,Anxious
464,Anxious
478,Anxious
481,Anxious
518,Anxious
534,Anxious
555,Anxious
580,Anxious
609,Anxious
636,Anxious
646,Anxious
650,Anxious
674,Anxious
708,Anxious
725,Anxious
727,Anxious
732,Anxious
745,Anxious
756,Anxious
796,Anxious
805,Anxious
825,Anxious
831,Anxious
833,Anxious
848,Anxious
865,Anxious
870,Anxious
905,Anxious
929,Anxious
934,Anxious
940,Anxious
945,Anxious
959,Anxious
983,Anxious
999,Anxious
1006,Anxious
1051,Anxious
1080,Anxious
1097,Anxious
1112,Anxious
1129,Anxious
1159,Anxious
1170,Anxious
1190,Anxious
1195,Anxious
1196,Anxious
1201,Anxious
1204,Anxious
1222,Anxious
1239,Anxious
1255,Anxious
1266,Anxious
1297,Anxious
1312,Anxious
1331,Anxious
1333,Anxious
1360,Anxious
1370,Anxious
1388,Anxious
1400,Anxious
1402,Anxious
1409,Anxious
1450,Anxious
1491,Anxious
1510,Anxious
1519,Anxious
1523,Anxious
1533,Anxious
1535,Anxious
1625,Anxious
1626,Anxious
1630,Anxious
1640,Anxious
1664,Anxious
1673,Anxious
1683,Anxious
1684,Anxious
1698,Anxious
1713,Anxious
1730,Anxious
1745,Anxious
1761,Anxious
1766,Anxious
1800,Anxious
1812,Anxious
1821,Anxious
1828,Anxious
1846,Anxious
1850,Anxious
1933,Anxious
1944,Anxious
1964,Anxious
2002,Anxious
2028,Anxious
2040,Anxious
2059,Anxious
2078,Anxious
2096,Anxious
2109,Anxious
2122,Anxious
2135,Anxious
2137,Anxious
2171,Anxious
2186,Anxious
2188,Anxious
2213,Anxious
2231,Anxious
2235,Anxious
2249,Anxious
2251,Anxious
2255,Anxious
2278,Anxious
2293,Anxious
2306,Anxious
2310,Anxious
2317,Anxious
2323,Anxious
2360,Anxious
2375,Anxious
2387,Anxious
2391,Anxious
2405,Anxious
2411,Anxious
2437,Anxious
2495,Anxious
2522,Anxious
2539,Anxious
2547,Anxious
2555,Anxious
2572,Anxious
2603,Anxious
2647,Anxious
2659,Anxious
2672,Anxious
2675,Anxious
2703,Anxious
2713,Anxious
2715,Anxious
2723,Anxious
2735,Anxious
2739,Anxious
2740,Anxious
2744,Anxious
2779,Anxious
2789,Anxious
2792,Anxious
2804,Anxious
2808,Anxious
2820,Anxious
2824,Anxious
2835,Anxious
2839,Anxious
2844,Anxious
2847,Anxious
2851,Anxious
2860,Anxious
2872,Anxious
2881,Anxious
2889,Anxious
2896,Anxious
2942,Anxious
2991,Anxious
2995,Anxious
3005,Anxious
3042,Anxious
3077,Anxious
3085,Anxious
3095,Anxious
3111,Anxious
3120,Anxious
3123,Anxious
3130,Anxious
3158,Anxious
3165,Anxious
3170,Anxious
3193,Anxious
3224,Anxious
3227,Anxious
3231,Anxious
3235,Anxious
3245,Anxious
3250,Anxious
3261,Anxious
3319,Anxious
3323,Anxious
3332,Anxious
3348,Anxious
3349,Anxious
3356,Anxious
3442,Anxious
3457,Anxious
3473,Anxious
3482,Anxious
3484,Anxious
3491,Anxious
3501,Anxious
3509,Anxious
3519,Anxious
3537,Anxious
3548,Anxious
3579,Anxious
3584,Anxious
3586,Anxious
3666,Anxious
3757,Anxious
3758,Anxious
3822,Anxious
3828,Anxious
3834,Anxious
3843,Anxious
3844,Anxious
3853,Anxious
3859,Anxious
3864,Anxious
3865,Anxious
3878,Anxious
3880,Anxious
3881,Anxious
3898,Anxious
3903,Anxious
3959,Anxious
3981,Anxious
3989,Anxious
3993,Anxious
4001,Anxious
4008,Anxious
4009,Anxious
4024,Anxious
4029,Anxious
4037,Anxious
4050,Anxious
4073,Anxious
4087,Anxious
4103,Anxious
4111,Anxious
4135,Anxious
4150,Anxious
4171,Anxious
4180,Anxious
4194,Anxious
4207,Anxious
4226,Anxious
4240,Anxious
4253,Anxious
4266,Anxious
4281,Anxious
4296,Anxious
4298,Anxious
4326,Anxious
4329,Anxious
4337,Anxious
4439,Anxious
4446,Anxious
4517,Anxious
4523,Anxious
4526,Anxious
4575,Anxious
4603,Anxious
4621,Anxious
4625,Anxious
4630,Anxious
4632,Anxious
4641,Anxious
4679,Anxious
4680,Anxious
4684,Anxious
21,Perfectionist
23,Perfectionist
63,Perfectionist
96,Perfectionist
98,Perfectionist
121,Perfectionist
185,Perfectionist
213,Perfectionist
233,Perfectionist
383,Perfectionist
387,Perfectionist
394,Perfectionist
431,Perfectionist
439,Perfectionist
442,Perfectionist
459,Perfectionist
488,Perfectionist
490,Perfectionist
545,Perfectionist
572,Perfectionist
574,Perfectionist
605,Perfectionist
634,Perfectionist
636,Perfectionist
669,Perfectionist
682,Perfectionist
690,Perfectionist
692,Perfectionist
698,Perfectionist
712,Perfectionist
714,Perfectionist
766,Perfectionist
774,Perfectionist
798,Perfectionist
847,Perfectionist
852,Perfectionist
903,Perfectionist
906,Perfectionist
962,Perfectionist
970,Perfectionist
1015,Perfectionist
1082,Perfectionist
1098,Perfectionist
1113,Perfectionist
1122,Perfectionist
1133,Perfectionist
1134,Perfectionist
1170,Perfectionist
1211,Perfectionist
1232,Perfectionist
1249,Perfectionist
1262,Perfectionist
1263,Perfectionist
1276,Perfectionist
1281,Perfectionist
1307,Perfectionist
1326,Perfectionist
1338,Perfectionist
1363,Perfectionist
1381,Perfectionist
1405,Perfectionist
1441,Perfectionist
1455,Perfectionist
1458,Perfectionist
1472,Perfectionist
1501,Perfectionist
1514,Perfectionist
1516,Perfectionist
1527,Perfectionist
1540,Perfectionist
1542,Perfectionist
1543,Perfectionist
1571,Perfectionist
1578,Perfectionist
1597,Perfectionist
1645,Perfectionist
1660,Perfectionist
1669,Perfectionist
1754,Perfectionist
1782,Perfectionist
1789,Perfectionist
1831,Perfectionist
1871,Perfectionist
1914,Perfectionist
1948,Perfectionist
1949,Perfectionist
1968,Perfectionist
1972,Perfectionist
2037,Perfectionist
2039,Perfectionist
2045,Perfectionist
2112,Perfectionist
2126,Perfectionist
2182,Perfectionist
2188,Perfectionist
2204,Perfectionist
2233,Perfectionist
2240,Perfectionist
2299,Perfectionist
2304,Perfectionist
2329,Perfectionist
2335,Perfectionist
2347,Perfectionist
2352,Perfectionist
2378,Perfectionist
2409,Perfectionist
2477,Perfectionist
2562,Perfectionist
2603,Perfectionist
2607,Perfectionist
2615,Perfectionist
2617,Perfectionist
2635,Perfectionist
2638,Perfectionist
2705,Perfectionist
2716,Perfectionist
2725,Perfectionist
2729,Perfectionist
2738,Perfectionist
2773,Perfectionist
2790,Perfectionist
2805,Perfectionist
2812,Perfectionist
2825,Perfectionist
2869,Perfectionist
2894,Perfectionist
2896,Perfectionist
2920,Perfectionist
2925,Perfectionist
2953,Perfectionist
2955,Perfectionist
2980,Perfectionist
3036,Perfectionist
3048,Perfectionist
3052,Perfectionist
3063,Perfectionist
3118,Perfectionist
3123,Perfectionist
3140,Perfectionist
3143,Perfectionist
3153,Perfectionist
3161,Perfectionist
3163,Perfectionist
3170,Perfectionist
3177,Perfectionist
3236,Perfectionist
3240,Perfectionist
3250,Perfectionist
3255,Perfectionist
3295,Perfectionist
3307,Perfectionist
3321,Perfectionist
3335,Perfectionist
3340,Perfectionist
3351,Perfectionist
3367,Perfectionist
3375,Perfectionist
3381,Perfectionist
3391,Perfectionist
3395,Perfectionist
3421,Perfectionist
3431,Perfectionist
3447,Perfectionist
3476,Perfectionist
3487,Perfectionist
3497,Perfectionist
3534,Perfectionist
3579,Perfectionist
3594,Perfectionist
3629,Perfectionist
3642,Perfectionist
3664,Perfectionist
3684,Perfectionist
3708,Perfectionist
3721,Perfectionist
3749,Perfectionist
3770,Perfectionist
3772,Perfectionist
3774,Perfectionist
3775,Perfectionist
3806,Perfectionist
3821,Perfectionist
3848,Perfectionist
3881,Perfectionist
3884,Perfectionist
3891,Perfectionist
3911,Perfectionist
3920,Perfectionist
3929,Perfectionist
3943,Perfectionist
3950,Perfectionist
3952,Perfectionist
3973,Perfectionist
3985,Perfectionist
4024,Perfectionist
4039,Perfectionist
4054,Perfectionist
4065,Perfectionist
4076,Perfectionist
4099,Perfectionist
4106,Perfectionist
4145,Perfectionist
4157,Perfectionist
4189,Perfectionist
4207,Perfectionist
4215,Perfectionist
4241,Perfectionist
4243,Perfectionist
4265,Perfectionist
4293,Perfectionist
4309,Perfectionist
4344,Perfectionist
4368,Perfectionist
4369,Perfectionist
4386,Perfectionist
4427,Perfectionist
4436,Perfectionist
4476,Perfectionist
4490,Perfectionist
4501,Perfectionist
4510,Perfectionist
4517,Perfectionist
4530,Perfectionist
4542,Perfectionist
4576,Perfectionist
4619,Perfectionist
4645,Perfectionist
4652,Perfectionist
4684,Perfectionist
4692,Perfectionist
14,Sensitive
47,Sensitive
52,Sensitive
53,Sensitive
54,Sensitive
71,Sensitive
83,Sensitive
98,Sensitive
104,Sensitive
106,Sensitive
114,Sensitive
121,Sensitive
144,Sensitive
175,Sensitive
180,Sensitive
184,Sensitive
227,Sensitive
236,Sensitive
246,Sensitive
254,Sensitive
260,Sensitive
383,Sensitive
396,Sensitive
397,Sensitive
403,Sensitive
429,Sensitive
455,Sensitive
475,Sensitive
479,Sensitive
489,Sensitive
496,Sensitive
497,Sensitive
512,Sensitive
528,Sensitive
539,Sensitive
598,Sensitive
603,Sensitive
632,Sensitive
633,Sensitive
635,Sensitive
650,Sensitive
656,Sensitive
667,Sensitive
674,Sensitive
703,Sensitive
721,Sensitive
766,Sensitive
771,Sensitive
775,Sensitive
784,Sensitive
787,Sensitive
791,Sensitive
819,Sensitive
825,Sensitive
830,Sensitive
839,Sensitive
861,Sensitive
881,Sensitive
885,Sensitive
907,Sensitive
929,Sensitive
945,Sensitive
956,Sensitive
979,Sensitive
990,Sensitive
993,Sensitive
1007,Sensitive
1048,Sensitive
1092,Sensitive
1106,Sensitive
1110,Sensitive
1120,Sensitive
1161,Sensitive
1166,Sensitive
1178,Sensitive
1191,Sensitive
1213,Sensitive
1214,Sensitive
1223,Sensitive
1254,Sensitive
1260,Sensitive
1289,Sensitive
1317,Sensitive
1319,Sensitive
1322,Sensitive
1331,Sensitive
1373,Sensitive
1379,Sensitive
1381,Sensitive
1408,Sensitive
1412,Sensitive
1415,Sensitive
1417,Sensitive
1444,Sensitive
1499,Sensitive
1512,Sensitive
1543,Sensitive
1549,Sensitive
1578,Sensitive
1584,Sensitive
1617,Sensitive
1619,Sensitive
1622,Sensitive
1657,Sensitive
1658,Sensitive
1663,Sensitive
1666,Sensitive
1674,Sensitive
1719,Sensitive
1754,Sensitive
1777,Sensitive
1789,Sensitive
1800,Sensitive
1811,Sensitive
1852,Sensitive
1855,Sensitive
1857,Sensitive
1858,Sensitive
1899,Sensitive
1909,Sensitive
1919,Sensitive
2011,Sensitive
2012,Sensitive
2028,Sensitive
2044,Sensitive
2053,Sensitive
2056,Sensitive
2059,Sensitive
2061,Sensitive
2103,Sensitive
2126,Sensitive
2135,Sensitive
2140,Sensitive
2224,Sensitive
2246,Sensitive
2247,Sensitive
2261,Sensitive
2262,Sensitive
2274,Sensitive
2340,Sensitive
2344,Sensitive
2346,Sensitive
2352,Sensitive
2353,Sensitive
2392,Sensitive
2420,Sensitive
2427,Sensitive
2464,Sensitive
2474,Sensitive
2570,Sensitive
2587,Sensitive
2602,Sensitive
2609,Sensitive
2612,Sensitive
2614,Sensitive
2642,Sensitive
2660,Sensitive
2666,Sensitive
2692,Sensitive
2741,Sensitive
2814,Sensitive
2838,Sensitive
2842,Sensitive
2843,Sensitive
2844,Sensitive
2850,Sensitive
2852,Sensitive
2869,Sensitive
2879,Sensitive
2880,Sensitive
2884,Sensitive
2963,Sensitive
2974,Sensitive
2985,Sensitive
2986,Sensitive
2999,Sensitive
3027,Sensitive
3031,Sensitive
3032,Sensitive
3080,Sensitive
3088,Sensitive
3089,Sensitive
3103,Sensitive
3153,Sensitive
3156,Sensitive
3158,Sensitive
3160,Sensitive
3161,Sensitive
3163,Sensitive
3190,Sensitive
3201,Sensitive
3268,Sensitive
3285,Sensitive
3306,Sensitive
3319,Sensitive
3325,Sensitive
3332,Sensitive
3349,Sensitive
3366,Sensitive
3396,Sensitive
3431,Sensitive
3453,Sensitive
3476,Sensitive
3493,Sensitive
3502,Sensitive
3542,Sensitive
3551,Sensitive
3564,Sensitive
3605,Sensitive
3609,Sensitive
3631,Sensitive
3662,Sensitive
3666,Sensitive
3672,Sensitive
3694,Sensitive
3725,Sensitive
3751,Sensitive
3767,Sensitive
3781,Sensitive
3795,Sensitive
3825,Sensitive
3848,Sensitive
3922,Sensitive
3932,Sensitive
3935,Sensitive
3952,Sensitive
3967,Sensitive
4000,Sensitive
4037,Sensitive
4063,Sensitive
4069,Sensitive
4102,Sensitive
4120,Sensitive
4139,Sensitive
4166,Sensitive
4174,Sensitive
4193,Sensitive
4206,Sensitive
4211,Sensitive
4213,Sensitive
4216,Sensitive
4306,Sensitive
4321,Sensitive
4405,Sensitive
4449,Sensitive
4511,Sensitive
4536,Sensitive
4552,Sensitive
4593,Sensitive
4642,Sensitive
4648,Sensitive
4668,Sensitive
4695,Sensitive
41,Controlling
56,Controlling
80,Controlling
96,Controlling
97,Controlling
111,Controlling
113,Controlling
131,Controlling
133,Controlling
146,Controlling
149,Controlling
155,Controlling
160,Controlling
170,Controlling
192,Controlling
193,Controlling
263,Controlling
276,Controlling
387,Controlling
407,Controlling
411,Controlling
448,Controlling
458,Controlling
484,Controlling
496,Controlling
518,Controlling
551,Controlling
553,Controlling
576,Controlling
577,Controlling
583,Controlling
587,Controlling
630,Controlling
640,Controlling
686,Controlling
687,Controlling
719,Controlling
735,Controlling
771,Controlling
782,Controlling
808,Controlling
822,Controlling
863,Controlling
884,Controlling
899,Controlling
966,Controlling
969,Controlling
997,Controlling
1007,Controlling
1008,Controlling
1037,Controlling
1046,Controlling
1076,Controlling
1086,Controlling
1092,Controlling
1112,Controlling
1136,Controlling
1141,Controlling
1168,Controlling
1188,Controlling
1194,Controlling
1197,Controlling
1220,Controlling
1236,Controlling
1265,Controlling
1315,Controlling
1353,Controlling
1362,Controlling
1367,Controlling
1370,Controlling
1384,Controlling
1438,Controlling
1486,Controlling
1491,Controlling
1501,Controlling
1510,Controlling
1553,Controlling
1573,Controlling
1575,Controlling
1603,Controlling
1642,Controlling
1667,Controlling
1675,Controlling
1742,Controlling
1778,Controlling
1786,Controlling
1790,Controlling
1822,Controlling
1839,Controlling
1860,Controlling
1890,Controlling
1923,Controlling
1931,Controlling
1947,Controlling
1997,Controlling
2003,Controlling
2010,Controlling
2039,Controlling
2063,Controlling
2075,Controlling
2085,Controlling
2132,Controlling
2152,Controlling
2169,Controlling
2175,Controlling
2176,Controlling
2187,Controlling
2215,Controlling
2221,Controlling
2234,Controlling
2236,Controlling
2299,Controlling
2309,Controlling
2312,Controlling
2315,Controlling
2317,Controlling
2330,Controlling
2336,Controlling
2361,Controlling
2376,Controlling
2381,Controlling
2389,Controlling
2413,Controlling
2424,Controlling
2463,Controlling
2468,Controlling
2473,Controlling
2488,Controlling
2489,Controlling
2495,Controlling
2497,Controlling
2518,Controlling
2524,Controlling
2547,Controlling
2548,Controlling
2559,Controlling
2562,Controlling
2571,Controlling
2588,Controlling
2604,Controlling
2606,Controlling
2682,Controlling
2686,Controlling
2695,Controlling
2708,Controlling
2756,Controlling
2777,Controlling
2794,Controlling
2804,Controlling
2862,Controlling
2896,Controlling
2900,Controlling
2901,Controlling
2914,Controlling
2934,Controlling
2941,Controlling
2954,Controlling
2958,Controlling
2974,Controlling
2975,Controlling
2982,Controlling
3002,Controlling
3025,Controlling
3030,Controlling
3068,Controlling
3077,Controlling
3082,Controlling
3091,Controlling
3096,Controlling
3099,Controlling
3134,Controlling
3147,Controlling
3159,Controlling
3176,Controlling
3199,Controlling
3225,Controlling
3232,Controlling
3250,Controlling
3257,Controlling
3279,Controlling
3284,Controlling
3295,Controlling
3301,Controlling
3314,Controlling
3326,Controlling
3342,Controlling
3354,Controlling
3372,Controlling
3394,Controlling
3396,Controlling
3429,Controlling
3436,Controlling
3448,Controlling
3455,Controlling
3461,Controlling
3488,Controlling
3490,Controlling
3543,Controlling
3606,Controlling
3630,Controlling
3632,Controlling
3635,Controlling
3638,Controlling
3753,Controlling
3767,Controlling
3774,Controlling
3797,Controlling
3811,Controlling
3823,Controlling
3833,Controlling
3841,Controlling
3855,Controlling
3857,Controlling
3866,Controlling
3903,Controlling
3909,Controlling
3921,Controlling
3933,Controlling
3976,Controlling
3981,Controlling
3996,Controlling
3998,Controlling
4008,Controlling
4029,Controlling
4054,Controlling
4073,Controlling
4081,Controlling
4103,Controlling
4115,Controlling
4118,Controlling
4120,Controlling
4126,Controlling
4128,Controlling
4182,Controlling
4198,Controlling
4219,Controlling
4225,Controlling
4310,Controlling
4349,Controlling
4368,Controlling
4378,Controlling
4391,Controlling
4420,Controlling
4439,Controlling
4440,Controlling
4460,Controlling
4462,Controlling
4463,Controlling
4484,Controlling
4485,Controlling
4487,Controlling
4501,Controlling
4520,Controlling
4523,Controlling
4549,Controlling
4550,Controlling
4578,Controlling
4580,Controlling
4592,Controlling
4601,Controlling
4667,Controlling
2,Immature
20,Immature
23,Immature
53,Immature
59,Immature
84,Immature
88,Immature
114,Immature
123,Immature
124,Immature
129,Immature
137,Immature
142,Immature
190,Immature
197,Immature
236,Immature
240,Immature
388,Immature
394,Immature
419,Immature
437,Immature
456,Immature
491,Immature
492,Immature
548,Immature
561,Immature
639,Immature
644,Immature
667,Immature
669,Immature
672,Immature
673,Immature
681,Immature
693,Immature
713,Immature
720,Immature
761,Immature
775,Immature
778,Immature
784,Immature
837,Immature
889,Immature
914,Immature
923,Immature
937,Immature
952,Immature
969,Immature
973,Immature
1018,Immature
1019,Immature
1020,Immature
1029,Immature
1049,Immature
1131,Immature
1157,Immature
1161,Immature
1201,Immature
1204,Immature
1223,Immature
1239,Immature
1245,Immature
1278,Immature
1289,Immature
1323,Immature
1327,Immature
1346,Immature
1353,Immature
1362,Immature
1368,Immature
1464,Immature
1467,Immature
1471,Immature
1485,Immature
1491,Immature
1512,Immature
1538,Immature
1575,Immature
1590,Immature
1601,Immature
1604,Immature
1651,Immature
1696,Immature
1730,Immature
1738,Immature
1785,Immature
1799,Immature
1826,Immature
1866,Immature
1870,Immature
1878,Immature
1897,Immature
1900,Immature
1901,Immature
1937,Immature
1960,Immature
1968,Immature
2002,Immature
2005,Immature
2013,Immature
2023,Immature
2030,Immature
2040,Immature
2043,Immature
2047,Immature
2101,Immature
2151,Immature
2204,Immature
2242,Immature
2296,Immature
2299,Immature
2325,Immature
2389,Immature
2390,Immature
2426,Immature
2439,Immature
2470,Immature
2474,Immature
2477,Immature
2498,Immature
2530,Immature
2531,Immature
2590,Immature
2598,Immature
2618,Immature
2625,Immature
2664,Immature
2673,Immature
2680,Immature
2690,Immature
2741,Immature
2742,Immature
2752,Immature
2777,Immature
2780,Immature
2794,Immature
2807,Immature
2812,Immature
2824,Immature
2828,Immature
2839,Immature
2863,Immature
2955,Immature
2957,Immature
2961,Immature
2964,Immature
2966,Immature
2980,Immature
3041,Immature
3049,Immature
3080,Immature
3083,Immature
3104,Immature
3128,Immature
3161,Immature
3167,Immature
3194,Immature
3211,Immature
3231,Immature
3263,Immature
3267,Immature
3271,Immature
3300,Immature
3305,Immature
3307,Immature
3325,Immature
3326,Immature
3342,Immature
3358,Immature
3437,Immature
3452,Immature
3491,Immature
3493,Immature
3519,Immature
3520,Immature
3535,Immature
3547,Immature
3585,Immature
3607,Immature
3671,Immature
3689,Immature
3746,Immature
3774,Immature
3775,Immature
3781,Immature
3803,Immature
3817,Immature
3820,Immature
3826,Immature
3924,Immature
3986,Immature
3996,Immature
4014,Immature
4041,Immature
4044,Immature
4051,Immature
4055,Immature
4082,Immature
4106,Immature
4118,Immature
4130,Immature
4162,Immature
4166,Immature
4182,Immature
4204,Immature
4265,Immature
4320,Immature
4326,Immature
4333,Immature
4387,Immature
4408,Immature
4409,Immature
4418,Immature
4433,Immature
4475,Immature
4510,Immature
4528,Immature
4535,Immature
4538,Immature
4546,Immature
4583,Immature
4598,Immature
4634,Immature
4668,Immature
15,Impatient
42,Impatient
46,Impatient
48,Impatient
56,Impatient
118,Impatient
133,Impatient
139,Impatient
140,Impatient
144,Impatient
185,Impatient
192,Impatient
197,Impatient
209,Impatient
234,Impatient
235,Impatient
242,Impatient
389,Impatient
415,Impatient
416,Impatient
424,Impatient
433,Impatient
457,Impatient
465,Impatient
501,Impatient
519,Impatient
538,Impatient
601,Impatient
639,Impatient
647,Impatient
671,Impatient
674,Impatient
699,Impatient
700,Impatient
734,Impatient
738,Impatient
750,Impatient
775,Impatient
818,Impatient
856,Impatient
861,Impatient
873,Impatient
875,Impatient
905,Impatient
928,Impatient
931,Impatient
950,Impatient
958,Impatient
968,Impatient
972,Impatient
973,Impatient
1002,Impatient
1055,Impatient
1067,Impatient
1089,Impatient
1110,Impatient
1123,Impatient
1138,Impatient
1149,Impatient
1156,Impatient
1198,Impatient
1200,Impatient
1229,Impatient
1238,Impatient
1260,Impatient
1263,Impatient
1314,Impatient
1338,Impatient
1368,Impatient
1425,Impatient
1426,Impatient
1431,Impatient
1465,Impatient
1486,Impatient
1529,Impatient
1530,Impatient
1556,Impatient
1557,Impatient
1591,Impatient
1592,Impatient
1605,Impatient
1652,Impatient
1692,Impatient
1695,Impatient
1700,Impatient
1703,Impatient
1708,Impatient
1712,Impatient
1713,Impatient
1720,Impatient
1725,Impatient
1788,Impatient
1791,Impatient
1820,Impatient
1857,Impatient
1862,Impatient
1874,Impatient
1895,Impatient
1897,Impatient
1912,Impatient
1937,Impatient
1940,Impatient
1954,Impatient
1972,Impatient
2009,Impatient
2023,Impatient
2057,Impatient
2081,Impatient
2085,Impatient
2092,Impatient
2102,Impatient
2118,Impatient
2125,Impatient
2128,Impatient
2164,Impatient
2179,Impatient
2212,Impatient
2234,Impatient
2236,Impatient
2238,Impatient
2251,Impatient
2263,Impatient
2265,Impatient
2279,Impatient
2281,Impatient
2282,Impatient
2289,Impatient
2335,Impatient
2342,Impatient
2350,Impatient
2372,Impatient
2374,Impatient
2386,Impatient
2391,Impatient
2402,Impatient
2403,Impatient
2415,Impatient
2419,Impatient
2423,Impatient
2432,Impatient
2438,Impatient
2463,Impatient
2465,Impatient
2504,Impatient
2530,Impatient
2550,Impatient
2551,Impatient
2621,Impatient
2631,Impatient
2632,Impatient
2644,Impatient
2647,Impatient
2649,Impatient
2673,Impatient
2698,Impatient
2699,Impatient
2701,Impatient
2714,Impatient
2724,Impatient
2725,Impatient
2733,Impatient
2741,Impatient
2743,Impatient
2756,Impatient
2776,Impatient
2790,Impatient
2792,Impatient
2813,Impatient
2840,Impatient
2852,Impatient
2875,Impatient
2877,Impatient
2881,Impatient
2906,Impatient
2926,Impatient
2937,Impatient
2957,Impatient
2961,Impatient
2962,Impatient
2975,Impatient
2976,Impatient
2989,Impatient
2994,Impatient
3048,Impatient
3061,Impatient
3113,Impatient
3134,Impatient
3136,Impatient
3147,Impatient
3175,Impatient
3176,Impatient
3184,Impatient
3190,Impatient
3248,Impatient
3264,Impatient
3274,Impatient
3281,Impatient
3304,Impatient
3305,Impatient
3392,Impatient
3404,Impatient
3444,Impatient
3448,Impatient
3452,Impatient
3469,Impatient
3482,Impatient
3527,Impatient
3537,Impatient
3591,Impatient
3609,Impatient
3613,Impatient
3619,Impatient
3621,Impatient
3631,Impatient
3651,Impatient
3667,Impatient
3684,Impatient
3693,Impatient
3695,Impatient
3737,Impatient
3757,Impatient
3798,Impatient
3803,Impatient
3828,Impatient
3832,Impatient
3864,Impatient
3866,Impatient
3868,Impatient
3875,Impatient
3881,Impatient
3904,Impatient
3932,Impatient
3984,Impatient
3991,Impatient
3993,Impatient
3997,Impatient
4006,Impatient
4052,Impatient
4056,Impatient
4058,Impatient
4078,Impatient
4092,Impatient
4124,Impatient
4151,Impatient
4164,Impatient
4174,Impatient
4189,Impatient
4192,Impatient
4239,Impatient
4247,Impatient
4268,Impatient
4293,Impatient
4340,Impatient
4353,Impatient
4362,Impatient
4399,Impatient
4401,Impatient
4404,Impatient
4409,Impatient
4427,Impatient
4446,Impatient
4451,Impatient
4466,Impatient
4490,Impatient
4529,Impatient
4538,Impatient
4547,Impatient
4557,Impatient
4561,Impatient
4578,Impatient
4587,Impatient
4599,Impatient
4617,Impatient
4619,Impatient
4642,Impatient
4693,Impatient
4694,Impatient
8,Conventional
17,Conventional
39,Conventional
80,Conventional
111,Conventional
122,Conventional
132,Conventional
135,Conventional
138,Conventional
156,Conventional
167,Conventional
189,Conventional
275,Conventional
389,Conventional
390,Conventional
396,Conventional
398,Conventional
419,Conventional
453,Conventional
458,Conventional
469,Conventional
501,Conventional
503,Conventional
523,Conventional
524,Conventional
545,Conventional
549,Conventional
554,Conventional
559,Conventional
589,Conventional
592,Conventional
630,Conventional
646,Conventional
652,Conventional
672,Conventional
679,Conventional
683,Conventional
708,Conventional
731,Conventional
757,Conventional
760,Conventional
762,Conventional
784,Conventional
836,Conventional
842,Conventional
855,Conventional
874,Conventional
902,Conventional
924,Conventional
944,Conventional
993,Conventional
1022,Conventional
1041,Conventional
1047,Conventional
1101,Conventional
1103,Conventional
1113,Conventional
1118,Conventional
1149,Conventional
1167,Conventional
1199,Conventional
1221,Conventional
1261,Conventional
1267,Conventional
1273,Conventional
1277,Conventional
1286,Conventional
1313,Conventional
1318,Conventional
1319,Conventional
1325,Conventional
1327,Conventional
1334,Conventional
1336,Conventional
1364,Conventional
1401,Conventional
1408,Conventional
1427,Conventional
1430,Conventional
1431,Conventional
1490,Conventional
1505,Conventional
1518,Conventional
1559,Conventional
1568,Conventional
1583,Conventional
1595,Conventional
1636,Conventional
1654,Conventional
1704,Conventional
1712,Conventional
1724,Conventional
1740,Conventional
1750,Conventional
1790,Conventional
1791,Conventional
1824,Conventional
1826,Conventional
1840,Conventional
1852,Conventional
1855,Conventional
1875,Conventional
1886,Conventional
1911,Conventional
1929,Conventional
1940,Conventional
1944,Conventional
1994,Conventional
2018,Conventional
2037,Conventional
2060,Conventional
2110,Conventional
2119,Conventional
2131,Conventional
2145,Conventional
2150,Conventional
2161,Conventional
2170,Conventional
2193,Conventional
2219,Conventional
2221,Conventional
2231,Conventional
2245,Conventional
2258,Conventional
2262,Conventional
2280,Conventional
2291,Conventional
2321,Conventional
2323,Conventional
2326,Conventional
2346,Conventional
2360,Conventional
2377,Conventional
2420,Conventional
2435,Conventional
2439,Conventional
2472,Conventional
2473,Conventional
2483,Conventional
2493,Conventional
2502,Conventional
2525,Conventional
2531,Conventional
2538,Conventional
2550,Conventional
2562,Conventional
2610,Conventional
2624,Conventional
2643,Conventional
2677,Conventional
2695,Conventional
2698,Conventional
2702,Conventional
2714,Conventional
2723,Conventional
2728,Conventional
2749,Conventional
2778,Conventional
2784,Conventional
2789,Conventional
2857,Conventional
2889,Conventional
2899,Conventional
2912,Conventional
2948,Conventional
2987,Conventional
3121,Conventional
3136,Conventional
3170,Conventional
3233,Conventional
3238,Conventional
3248,Conventional
3269,Conventional
3285,Conventional
3299,Conventional
3303,Conventional
3324,Conventional
3351,Conventional
3356,Conventional
3397,Conventional
3399,Conventional
3409,Conventional
3437,Conventional
3449,Conventional
3457,Conventional
3460,Conventional
3466,Conventional
3467,Conventional
3517,Conventional
3591,Conventional
3625,Conventional
3660,Conventional
3666,Conventional
3673,Conventional
3708,Conventional
3724,Conventional
3778,Conventional
3785,Conventional
3788,Conventional
3853,Conventional
3912,Conventional
3959,Conventional
3960,Conventional
3964,Conventional
3977,Conventional
3982,Conventional
3987,Conventional
4024,Conventional
4033,Conventional
4060,Conventional
4073,Conventional
4086,Conventional
4104,Conventional
4109,Conventional
4144,Conventional
4178,Conventional
4193,Conventional
4197,Conventional
4200,Conventional
4211,Conventional
4230,Conventional
4262,Conventional
4275,Conventional
4295,Conventional
4302,Conventional
4308,Conventional
4319,Conventional
4320,Conventional
4421,Conventional
4427,Conventional
4428,Conventional
4438,Conventional
4441,Conventional
4455,Conventional
4462,Conventional
4476,Conventional
4484,Conventional
4488,Conventional
4499,Conventional
4538,Conventional
4555,Conventional
4559,Conventional
4573,Conventional
4579,Conventional
4580,Conventional
4595,Conventional
4616,Conventional
4621,Conventional
4638,Conventional
4641,Conventional
3,Undisciplined
8,Undisciplined
19,Undisciplined
53,Undisciplined
57,Undisciplined
67,Undisciplined
98,Undisciplined
103,Undisciplined
186,Undisciplined
191,Undisciplined
218,Undisciplined
221,Undisciplined
228,Undisciplined
244,Undisciplined
272,Undisciplined
389,Undisciplined
401,Undisciplined
408,Undisciplined
418,Undisciplined
490,Undisciplined
523,Undisciplined
529,Undisciplined
547,Undisciplined
549,Undisciplined
550,Undisciplined
574,Undisciplined
575,Undisciplined
594,Undisciplined
597,Undisciplined
600,Undisciplined
616,Undisciplined
628,Undisciplined
641,Undisciplined
661,Undisciplined
713,Undisciplined
734,Undisciplined
802,Undisciplined
815,Undisciplined
818,Undisciplined
824,Undisciplined
852,Undisciplined
870,Undisciplined
879,Undisciplined
934,Undisciplined
942,Undisciplined
949,Undisciplined
963,Undisciplined
995,Undisciplined
1002,Undisciplined
1032,Undisciplined
1049,Undisciplined
1085,Undisciplined
1111,Undisciplined
1138,Undisciplined
1160,Undisciplined
1172,Undisciplined
1193,Undisciplined
1212,Undisciplined
1220,Undisciplined
1273,Undisciplined
1278,Undisciplined
1311,Undisciplined
1318,Undisciplined
1321,Undisciplined
1334,Undisciplined
1375,Undisciplined
1386,Undisciplined
1387,Undisciplined
1409,Undisciplined
1425,Undisciplined
1427,Undisciplined
1445,Undisciplined
1460,Undisciplined
1470,Undisciplined
1479,Undisciplined
1480,Undisciplined
1511,Undisciplined
1525,Undisciplined
1542,Undisciplined
1546,Undisciplined
1610,Undisciplined
1619,Undisciplined
1624,Undisciplined
1631,Undisciplined
1661,Undisciplined
1679,Undisciplined
1689,Undisciplined
1699,Undisciplined
1741,Undisciplined
1742,Undisciplined
1767,Undisciplined
1798,Undisciplined
1829,Undisciplined
1857,Undisciplined
1870,Undisciplined
1879,Undisciplined
1880,Undisciplined
1906,Undisciplined
1920,Undisciplined
1938,Undisciplined
1948,Undisciplined
1952,Undisciplined
1957,Undisciplined
1960,Undisciplined
1980,Undisciplined
1989,Undisciplined
1994,Undisciplined
2018,Undisciplined
2079,Undisciplined
2098,Undisciplined
2139,Undisciplined
2150,Undisciplined
2160,Undisciplined
2189,Undisciplined
2190,Undisciplined
2198,Undisciplined
2204,Undisciplined
2215,Undisciplined
2220,Undisciplined
2248,Undisciplined
2251,Undisciplined
2284,Undisciplined
2289,Undisciplined
2295,Undisciplined
2315,Undisciplined
2342,Undisciplined
2360,Undisciplined
2365,Undisciplined
2390,Undisciplined
2402,Undisciplined
2403,Undisciplined
2415,Undisciplined
2427,Undisciplined
2486,Undisciplined
2488,Undisciplined
2510,Undisciplined
2550,Undisciplined
2561,Undisciplined
2585,Undisciplined
2586,Undisciplined
2600,Undisciplined
2605,Undisciplined
2641,Undisciplined
2727,Undisciplined
2733,Undisciplined
2737,Undisciplined
2754,Undisciplined
2755,Undisciplined
2803,Undisciplined
2837,Undisciplined
2867,Undisciplined
2880,Undisciplined
2884,Undisciplined
2885,Undisciplined
2925,Undisciplined
2945,Undisciplined
3022,Undisciplined
3031,Undisciplined
3036,Undisciplined
3043,Undisciplined
3087,Undisciplined
3099,Undisciplined
3103,Undisciplined
3130,Undisciplined
3141,Undisciplined
3147,Undisciplined
3201,Undisciplined
3221,Undisciplined
3262,Undisciplined
3309,Undisciplined
3331,Undisciplined
3348,Undisciplined
3370,Undisciplined
3376,Undisciplined
3377,Undisciplined
3387,Undisciplined
3403,Undisciplined
3412,Undisciplined
3414,Undisciplined
3417,Undisciplined
3449,Undisciplined
3539,Undisciplined
3566,Undisciplined
3582,Undisciplined
3588,Undisciplined
3607,Undisciplined
3689,Undisciplined
3695,Undisciplined
3711,Undisciplined
3722,Undisciplined
3732,Undisciplined
3739,Undisciplined
3745,Undisciplined
3799,Undisciplined
3811,Undisciplined
3815,Undisciplined
3865,Undisciplined
3875,Undisciplined
3886,Undisciplined
3895,Undisciplined
3924,Undisciplined
3940,Undisciplined
3970,Undisciplined
3978,Undisciplined
4016,Undisciplined
4019,Undisciplined
4038,Undisciplined
4044,Undisciplined
4056,Undisciplined
4069,Undisciplined
4099,Undisciplined
4101,Undisciplined
4121,Undisciplined
4156,Undisciplined
4212,Undisciplined
4217,Undisciplined
4240,Undisciplined
4283,Undisciplined
4291,Undisciplined
4316,Undisciplined
4341,Undisciplined
4372,Undisciplined
4387,Undisciplined
4389,Undisciplined
4438,Undisciplined
4475,Undisciplined
4477,Undisciplined
4494,Undisciplined
4514,Undisciplined
4537,Undisciplined
4540,Undisciplined
4542,Undisciplined
4561,Undisciplined
4588,Undisciplined
4602,Undisciplined
4605,Undisciplined
4617,Undisciplined
4668,Undisciplined
4671,Undisciplined
6,Passive
17,Passive
19,Passive
24,Passive
68,Passive
74,Passive
84,Passive
90,Passive
123,Passive
156,Passive
158,Passive
179,Passive
214,Passive
223,Passive
234,Passive
390,Passive
394,Passive
421,Passive
423,Passive
465,Passive
482,Passive
512,Passive
567,Passive
573,Passive
592,Passive
625,Passive
640,Passive
643,Passive
700,Passive
722,Passive
730,Passive
743,Passive
744,Passive
781,Passive
810,Passive
821,Passive
822,Passive
823,Passive
860,Passive
902,Passive
911,Passive
977,Passive
980,Passive
1000,Passive
1013,Passive
1015,Passive
1018,Passive
1029,Passive
1037,Passive
1040,Passive
1052,Passive
1093,Passive
1101,Passive
1106,Passive
1130,Passive
1159,Passive
1173,Passive
1205,Passive
1239,Passive
1243,Passive
1255,Passive
1262,Passive
1298,Passive
1302,Passive
1305,Passive
1323,Passive
1326,Passive
1332,Passive
1362,Passive
1367,Passive
1384,Passive
1391,Passive
1392,Passive
1398,Passive
1405,Passive
1410,Passive
1412,Passive
1444,Passive
1465,Passive
1472,Passive
1483,Passive
1501,Passive
1518,Passive
1533,Passive
1556,Passive
1557,Passive
1571,Passive
1590,Passive
1612,Passive
1615,Passive
1624,Passive
1650,Passive
1659,Passive
1674,Passive
1680,Passive
1705,Passive
1719,Passive
1740,Passive
1747,Passive
1763,Passive
1776,Passive
1777,Passive
1792,Passive
1793,Passive
1794,Passive
1801,Passive
1805,Passive
1808,Passive
1818,Passive
1825,Passive
1846,Passive
1848,Passive
1851,Passive
1856,Passive
1859,Passive
1870,Passive
1902,Passive
1912,Passive
1920,Passive
1936,Passive
1960,Passive
1984,Passive
2028,Passive
2053,Passive
2060,Passive
2065,Passive
2078,Passive
2100,Passive
2111,Passive
2140,Passive
2172,Passive
2186,Passive
2217,Passive
2245,Passive
2324,Passive
2327,Passive
2347,Passive
2367,Passive
2384,Passive
2388,Passive
2390,Passive
2419,Passive
2426,Passive
2438,Passive
2449,Passive
2485,Passive
2511,Passive
2522,Passive
2537,Passive
2593,Passive
2611,Passive
2618,Passive
2625,Passive
2635,Passive
2675,Passive
2704,Passive
2706,Passive
2708,Passive
2715,Passive
2743,Passive
2746,Passive
2787,Passive
2792,Passive
2798,Passive
2811,Passive
2814,Passive
2842,Passive
2851,Passive
2901,Passive
2919,Passive
2963,Passive
2964,Passive
2965,Passive
2971,Passive
2976,Passive
2985,Passive
3017,Passive
3024,Passive
3031,Passive
3052,Passive
3094,Passive
3099,Passive
3111,Passive
3123,Passive
3172,Passive
3211,Passive
3243,Passive
3246,Passive
3261,Passive
3262,Passive
3263,Passive
3273,Passive
3303,Passive
3356,Passive
3364,Passive
3378,Passive
3387,Passive
3403,Passive
3404,Passive
3422,Passive
3431,Passive
3462,Passive
3506,Passive
3601,Passive
3613,Passive
3651,Passive
3708,Passive
3714,Passive
3721,Passive
3746,Passive
3750,Passive
3800,Passive
3816,Passive
3822,Passive
3833,Passive
3837,Passive
3850,Passive
3871,Passive
3886,Passive
3891,Passive
3918,Passive
3923,Passive
3939,Passive
3953,Passive
3970,Passive
3973,Passive
3975,Passive
4006,Passive
4028,Passive
4029,Passive
4043,Passive
4079,Passive
4087,Passive
4097,Passive
4119,Passive
4140,Passive
4145,Passive
4187,Passive
4227,Passive
4247,Passive
4255,Passive
4260,Passive
4263,Passive
4341,Passive
4347,Passive
4388,Passive
4399,Passive
4400,Passive
4411,Passive
4418,Passive
4434,Passive
4457,Passive
4485,Passive
4495,Passive
4500,Passive
4509,Passive
4518,Passive
4555,Passive
4558,Passive
4570,Passive
4591,Passive
4605,Passive
4611,Passive
4616,Passive
4629,Passive
4667,Passive
4682,Passive
4684,Passive
4688,Passive
4693,Passive
69,Intolerant
70,Intolerant
76,Intolerant
93,Intolerant
109,Intolerant
114,Intolerant
132,Intolerant
136,Intolerant
139,Intolerant
215,Intolerant
230,Intolerant
238,Intolerant
249,Intolerant
267,Intolerant
271,Intolerant
391,Intolerant
452,Intolerant
458,Intolerant
465,Intolerant
469,Intolerant
490,Intolerant
491,Intolerant
528,Intolerant
549,Intolerant
605,Intolerant
613,Intolerant
656,Intolerant
698,Intolerant
734,Intolerant
743,Intolerant
778,Intolerant
781,Intolerant
805,Intolerant
828,Intolerant
830,Intolerant
849,Intolerant
858,Intolerant
865,Intolerant
882,Intolerant
884,Intolerant
892,Intolerant
915,Intolerant
928,Intolerant
937,Intolerant
952,Intolerant
1022,Intolerant
1030,Intolerant
1050,Intolerant
1055,Intolerant
1070,Intolerant
1091,Intolerant
1114,Intolerant
1127,Intolerant
1173,Intolerant
1179,Intolerant
1184,Intolerant
1186,Intolerant
1199,Intolerant
1201,Intolerant
1211,Intolerant
1252,Intolerant
1275,Intolerant
1292,Intolerant
1361,Intolerant
1408,Intolerant
1429,Intolerant
1430,Intolerant
1454,Intolerant
1471,Intolerant
1538,Intolerant
1604,Intolerant
1615,Intolerant
1640,Intolerant
1675,Intolerant
1692,Intolerant
1715,Intolerant
1741,Intolerant
1754,Intolerant
1769,Intolerant
1788,Intolerant
1802,Intolerant
1830,Intolerant
1850,Intolerant
1860,Intolerant
1861,Intolerant
1884,Intolerant
1902,Intolerant
1906,Intolerant
1918,Intolerant
1928,Intolerant
1947,Intolerant
1949,Intolerant
1956,Intolerant
2011,Intolerant
2014,Intolerant
2080,Intolerant
2089,Intolerant
2103,Intolerant
2106,Intolerant
2107,Intolerant
2116,Intolerant
2171,Intolerant
2187,Intolerant
2193,Intolerant
2308,Intolerant
2322,Intolerant
2323,Intolerant
2346,Intolerant
2375,Intolerant
2400,Intolerant
2413,Intolerant
2420,Intolerant
2429,Intolerant
2474,Intolerant
2482,Intolerant
2489,Intolerant
2492,Intolerant
2569,Intolerant
2586,Intolerant
2604,Intolerant
2628,Intolerant
2640,Intolerant
2650,Intolerant
2654,Intolerant
2685,Intolerant
2729,Intolerant
2786,Intolerant
2791,Intolerant
2797,Intolerant
2805,Intolerant
2824,Intolerant
2866,Intolerant
2869,Intolerant
2884,Intolerant
2906,Intolerant
2910,Intolerant
2959,Intolerant
2962,Intolerant
2966,Intolerant
2976,Intolerant
3024,Intolerant
3055,Intolerant
3092,Intolerant
3100,Intolerant
3117,Intolerant
3127,Intolerant
3149,Intolerant
3152,Intolerant
3171,Intolerant
3248,Intolerant
3262,Intolerant
3282,Intolerant
3311,Intolerant
3328,Intolerant
3385,Intolerant
3388,Intolerant
3401,Intolerant
3406,Intolerant
3415,Intolerant
3426,Intolerant
3435,Intolerant
3491,Intolerant
3498,Intolerant
3499,Intolerant
3502,Intolerant
3511,Intolerant
3542,Intolerant
3629,Intolerant
3632,Intolerant
3665,Intolerant
3689,Intolerant
3714,Intolerant
3721,Intolerant
3748,Intolerant
3762,Intolerant
3769,Intolerant
3794,Intolerant
3807,Intolerant
3830,Intolerant
3867,Intolerant
3876,Intolerant
3912,Intolerant
3929,Intolerant
3932,Intolerant
3943,Intolerant
3950,Intolerant
3964,Intolerant
3982,Intolerant
4002,Intolerant
4003,Intolerant
4004,Intolerant
4026,Intolerant
4056,Intolerant
4063,Intolerant
4070,Intolerant
4072,Intolerant
4096,Intolerant
4161,Intolerant
4167,Intolerant
4193,Intolerant
4210,Intolerant
4219,Intolerant
4243,Intolerant
4277,Intolerant
4291,Intolerant
4317,Intolerant
4319,Intolerant
4354,Intolerant
4385,Intolerant
4390,Intolerant
4393,Intolerant
4398,Intolerant
4399,Intolerant
4403,Intolerant
4451,Intolerant
4454,Intolerant
4489,Intolerant
4496,Intolerant
4501,Intolerant
4520,Intolerant
4521,Intolerant
4536,Intolerant
4545,Intolerant
4594,Intolerant
4629,Intolerant
4638,Intolerant
4652,Intolerant
21,Chaotic
22,Chaotic
25,Chaotic
85,Chaotic
93,Chaotic
101,Chaotic
102,Chaotic
127,Chaotic
132,Chaotic
242,Chaotic
393,Chaotic
427,Chaotic
456,Chaotic
477,Chaotic
486,Chaotic
514,Chaotic
554,Chaotic
573,Chaotic
575,Chaotic
577,Chaotic
591,Chaotic
592,Chaotic
596,Chaotic
606,Chaotic
652,Chaotic
690,Chaotic
719,Chaotic
721,Chaotic
753,Chaotic
783,Chaotic
819,Chaotic
845,Chaotic
862,Chaotic
872,Chaotic
880,Chaotic
906,Chaotic
924,Chaotic
927,Chaotic
995,Chaotic
1008,Chaotic
1052,Chaotic
1076,Chaotic
1083,Chaotic
1085,Chaotic
1086,Chaotic
1103,Chaotic
1109,Chaotic
1111,Chaotic
1130,Chaotic
1157,Chaotic
1230,Chaotic
1254,Chaotic
1267,Chaotic
1280,Chaotic
1298,Chaotic
1311,Chaotic
1325,Chaotic
1364,Chaotic
1376,Chaotic
1398,Chaotic
1402,Chaotic
1411,Chaotic
1429,Chaotic
1454,Chaotic
1478,Chaotic
1492,Chaotic
1507,Chaotic
1514,Chaotic
1518,Chaotic
1525,Chaotic
1544,Chaotic
1562,Chaotic
1568,Chaotic
1577,Chaotic
1585,Chaotic
1596,Chaotic
1612,Chaotic
1615,Chaotic
1620,Chaotic
1634,Chaotic
1635,Chaotic
1636,Chaotic
1645,Chaotic
1750,Chaotic
1763,Chaotic
1814,Chaotic
1819,Chaotic
1875,Chaotic
1876,Chaotic
1880,Chaotic
1886,Chaotic
1898,Chaotic
1906,Chaotic
1915,Chaotic
1919,Chaotic
1927,Chaotic
1965,Chaotic
1966,Chaotic
1982,Chaotic
1999,Chaotic
2044,Chaotic
2047,Chaotic
2048,Chaotic
2066,Chaotic
2080,Chaotic
2109,Chaotic
2185,Chaotic
2214,Chaotic
2228,Chaotic
2257,Chaotic
2258,Chaotic
2263,Chaotic
2265,Chaotic
2266,Chaotic
2281,Chaotic
2327,Chaotic
2334,Chaotic
2338,Chaotic
2345,Chaotic
2349,Chaotic
2357,Chaotic
2366,Chaotic
2395,Chaotic
2524,Chaotic
2534,Chaotic
2536,Chaotic
2545,Chaotic
2551,Chaotic
2568,Chaotic
2588,Chaotic
2590,Chaotic
2595,Chaotic
2605,Chaotic
2606,Chaotic
2610,Chaotic
2629,Chaotic
2640,Chaotic
2646,Chaotic
2675,Chaotic
2680,Chaotic
2686,Chaotic
2710,Chaotic
2728,Chaotic
2738,Chaotic
2762,Chaotic
2772,Chaotic
2865,Chaotic
2876,Chaotic
2881,Chaotic
2914,Chaotic
2925,Chaotic
2927,Chaotic
2943,Chaotic
2944,Chaotic
2953,Chaotic
3019,Chaotic
3039,Chaotic
3076,Chaotic
3087,Chaotic
3095,Chaotic
3096,Chaotic
3117,Chaotic
3125,Chaotic
3133,Chaotic
3172,Chaotic
3183,Chaotic
3184,Chaotic
3185,Chaotic
3295,Chaotic
3298,Chaotic
3300,Chaotic
3304,Chaotic
3349,Chaotic
3371,Chaotic
3422,Chaotic
3442,Chaotic
3447,Chaotic
3457,Chaotic
3474,Chaotic
3494,Chaotic
3499,Chaotic
3504,Chaotic
3506,Chaotic
3509,Chaotic
3539,Chaotic
3544,Chaotic
3569,Chaotic
3678,Chaotic
3694,Chaotic
3701,Chaotic
3706,Chaotic
3719,Chaotic
3782,Chaotic
3853,Chaotic
3864,Chaotic
3871,Chaotic
3876,Chaotic
3877,Chaotic
3943,Chaotic
3953,Chaotic
3980,Chaotic
4008,Chaotic
4017,Chaotic
4025,Chaotic
4034,Chaotic
4045,Chaotic
4081,Chaotic
4084,Chaotic
4097,Chaotic
4126,Chaotic
4130,Chaotic
4140,Chaotic
4161,Chaotic
4178,Chaotic
4181,Chaotic
4187,Chaotic
4205,Chaotic
4210,Chaotic
4211,Chaotic
4245,Chaotic
4252,Chaotic
4262,Chaotic
4275,Chaotic
4288,Chaotic
4300,Chaotic
4329,Chaotic
4337,Chaotic
4340,Chaotic
4345,Chaotic
4365,Chaotic
4368,Chaotic
4385,Chaotic
4407,Chaotic
4422,Chaotic
4436,Chaotic
4449,Chaotic
4457,Chaotic
4468,Chaotic
4511,Chaotic
4524,Chaotic
4544,Chaotic
4602,Chaotic
4614,Chaotic
4654,Chaotic
4678,Chaotic
4685,Chaotic
4688,Chaotic
4694,Chaotic
35,Selfish
55,Selfish
69,Selfish
87,Selfish
89,Selfish
137,Selfish
138,Selfish
165,Selfish
170,Selfish
172,Selfish
188,Selfish
193,Selfish
194,Selfish
202,Selfish
219,Selfish
236,Selfish
244,Selfish
245,Selfish
260,Selfish
393,Selfish
424,Selfish
434,Selfish
453,Selfish
519,Selfish
521,Selfish
522,Selfish
531,Selfish
573,Selfish
578,Selfish
595,Selfish
597,Selfish
604,Selfish
614,Selfish
636,Selfish
656,Selfish
663,Selfish
681,Selfish
720,Selfish
736,Selfish
743,Selfish
761,Selfish
764,Selfish
777,Selfish
787,Selfish
840,Selfish
868,Selfish
873,Selfish
911,Selfish
913,Selfish
943,Selfish
947,Selfish
961,Selfish
989,Selfish
1020,Selfish
1022,Selfish
1053,Selfish
1092,Selfish
1156,Selfish
1184,Selfish
1193,Selfish
1199,Selfish
1279,Selfish
1302,Selfish
1330,Selfish
1348,Selfish
1359,Selfish
1369,Selfish
1391,Selfish
1396,Selfish
1421,Selfish
1427,Selfish
1463,Selfish
1479,Selfish
1488,Selfish
1496,Selfish
1537,Selfish
1559,Selfish
1614,Selfish
1627,Selfish
1650,Selfish
1652,Selfish
1674,Selfish
1676,Selfish
1704,Selfish
1707,Selfish
1719,Selfish
1747,Selfish
1761,Selfish
1769,Selfish
1792,Selfish
1830,Selfish
1850,Selfish
1859,Selfish
1883,Selfish
1896,Selfish
1905,Selfish
1931,Selfish
1937,Selfish
1959,Selfish
2023,Selfish
2026,Selfish
2048,Selfish
2057,Selfish
2121,Selfish
2125,Selfish
2151,Selfish
2154,Selfish
2156,Selfish
2207,Selfish
2257,Selfish
2262,Selfish
2321,Selfish
2366,Selfish
2402,Selfish
2424,Selfish
2434,Selfish
2435,Selfish
2451,Selfish
2470,Selfish
2523,Selfish
2524,Selfish
2525,Selfish
2544,Selfish
2551,Selfish
2569,Selfish
2599,Selfish
2608,Selfish
2633,Selfish
2645,Selfish
2647,Selfish
2693,Selfish
2696,Selfish
2699,Selfish
2705,Selfish
2728,Selfish
2736,Selfish
2746,Selfish
2752,Selfish
2786,Selfish
2794,Selfish
2818,Selfish
2870,Selfish
2877,Selfish
2880,Selfish
2894,Selfish
2927,Selfish
2936,Selfish
2964,Selfish
2965,Selfish
3019,Selfish
3041,Selfish
3059,Selfish
3080,Selfish
3081,Selfish
3088,Selfish
3156,Selfish
3180,Selfish
3205,Selfish
3233,Selfish
3294,Selfish
3384,Selfish
3399,Selfish
3401,Selfish
3404,Selfish
3408,Selfish
3423,Selfish
3438,Selfish
3456,Selfish
3467,Selfish
3480,Selfish
3487,Selfish
3500,Selfish
3501,Selfish
3543,Selfish
3554,Selfish
3563,Selfish
3581,Selfish
3601,Selfish
3630,Selfish
3697,Selfish
3699,Selfish
3701,Selfish
3709,Selfish
3713,Selfish
3741,Selfish
3749,Selfish
3750,Selfish
3758,Selfish
3759,Selfish
3768,Selfish
3770,Selfish
3772,Selfish
3778,Selfish
3784,Selfish
3789,Selfish
3791,Selfish
3876,Selfish
3886,Selfish
3908,Selfish
3910,Selfish
3953,Selfish
3956,Selfish
3969,Selfish
3977,Selfish
4006,Selfish
4016,Selfish
4025,Selfish
4030,Selfish
4045,Selfish
4061,Selfish
4063,Selfish
4098,Selfish
4099,Selfish
4139,Selfish
4145,Selfish
4162,Selfish
4186,Selfish
4216,Selfish
4227,Selfish
4234,Selfish
4251,Selfish
4273,Selfish
4303,Selfish
4324,Selfish
4380,Selfish
4401,Selfish
4404,Selfish
4436,Selfish
4451,Selfish
4466,Selfish
4474,Selfish
4487,Selfish
4500,Selfish
4529,Selfish
4540,Selfish
4567,Selfish
4597,Selfish
4611,Selfish
4648,Selfish
4667,Selfish
4669,Selfish
4688,Selfish
29,Slow
75,Slow
80,Slow
84,Slow
86,Slow
87,Slow
97,Slow
99,Slow
102,Slow
104,Slow
109,Slow
155,Slow
178,Slow
186,Slow
204,Slow
213,Slow
218,Slow
243,Slow
244,Slow
266,Slow
398,Slow
425,Slow
429,Slow
432,Slow
438,Slow
464,Slow
467,Slow
470,Slow
518,Slow
522,Slow
528,Slow
538,Slow
559,Slow
604,Slow
661,Slow
704,Slow
722,Slow
729,Slow
735,Slow
756,Slow
777,Slow
783,Slow
788,Slow
796,Slow
802,Slow
804,Slow
810,Slow
812,Slow
830,Slow
831,Slow
855,Slow
897,Slow
913,Slow
920,Slow
922,Slow
979,Slow
1027,Slow
1048,Slow
1079,Slow
1080,Slow
1111,Slow
1163,Slow
1186,Slow
1200,Slow
1246,Slow
1258,Slow
1259,Slow
1286,Slow
1294,Slow
1322,Slow
1331,Slow
1364,Slow
1378,Slow
1410,Slow
1421,Slow
1441,Slow
1451,Slow
1490,Slow
1502,Slow
1514,Slow
1534,Slow
1536,Slow
1547,Slow
1577,Slow
1608,Slow
1626,Slow
1648,Slow
1654,Slow
1672,Slow
1692,Slow
1698,Slow
1718,Slow
1724,Slow
1725,Slow
1776,Slow
1783,Slow
1786,Slow
1805,Slow
1826,Slow
1840,Slow
1858,Slow
1879,Slow
1890,Slow
1892,Slow
1894,Slow
1898,Slow
1911,Slow
1918,Slow
1923,Slow
1948,Slow
1999,Slow
2026,Slow
2054,Slow
2065,Slow
2092,Slow
2114,Slow
2120,Slow
2122,Slow
2125,Slow
2136,Slow
2145,Slow
2157,Slow
2168,Slow
2195,Slow
2209,Slow
2222,Slow
2231,Slow
2235,Slow
2264,Slow
2273,Slow
2283,Slow
2296,Slow
2298,Slow
2317,Slow
2370,Slow
2377,Slow
2379,Slow
2397,Slow
2405,Slow
2406,Slow
2410,Slow
2497,Slow
2513,Slow
2528,Slow
2579,Slow
2590,Slow
2631,Slow
2645,Slow
2651,Slow
2683,Slow
2693,Slow
2734,Slow
2737,Slow
2764,Slow
2791,Slow
2803,Slow
2806,Slow
2808,Slow
2833,Slow
2872,Slow
2876,Slow
2910,Slow
2912,Slow
2913,Slow
2915,Slow
2999,Slow
3016,Slow
3022,Slow
3051,Slow
3126,Slow
3130,Slow
3145,Slow
3167,Slow
3190,Slow
3193,Slow
3257,Slow
3258,Slow
3261,Slow
3266,Slow
3269,Slow
3284,Slow
3292,Slow
3298,Slow
3304,Slow
3323,Slow
3409,Slow
3426,Slow
3429,Slow
3447,Slow
3462,Slow
3466,Slow
3471,Slow
3476,Slow
3478,Slow
3489,Slow
3516,Slow
3544,Slow
3547,Slow
3588,Slow
3614,Slow
3655,Slow
3673,Slow
3686,Slow
3692,Slow
3723,Slow
3750,Slow
3752,Slow
3770,Slow
3786,Slow
3794,Slow
3797,Slow
3809,Slow
3814,Slow
3815,Slow
3819,Slow
3829,Slow
3839,Slow
3855,Slow
3859,Slow
3877,Slow
3918,Slow
3920,Slow
3926,Slow
3967,Slow
3994,Slow
4019,Slow
4028,Slow
4047,Slow
4088,Slow
4092,Slow
4093,Slow
4163,Slow
4190,Slow
4194,Slow
4199,Slow
4225,Slow
4227,Slow
4251,Slow
4318,Slow
4345,Slow
4366,Slow
4371,Slow
4394,Slow
4397,Slow
4402,Slow
4403,Slow
4452,Slow
4475,Slow
4477,Slow
4478,Slow
4513,Slow
4515,Slow
4547,Slow
4548,Slow
4581,Slow
4616,Slow
4641,Slow
4644,Slow
16,Competitive
52,Competitive
61,Competitive
70,Competitive
118,Competitive
139,Competitive
143,Competitive
150,Competitive
160,Competitive
179,Competitive
184,Competitive
260,Competitive
411,Competitive
437,Competitive
440,Competitive
464,Competitive
478,Competitive
508,Competitive
514,Competitive
587,Competitive
593,Competitive
608,Competitive
611,Competitive
615,Competitive
629,Competitive
633,Competitive
643,Competitive
657,Competitive
718,Competitive
719,Competitive
740,Competitive
750,Competitive
757,Competitive
762,Competitive
764,Competitive
808,Competitive
823,Competitive
838,Competitive
844,Competitive
858,Competitive
863,Competitive
891,Competitive
894,Competitive
929,Competitive
949,Competitive
973,Competitive
983,Competitive
998,Competitive
1001,Competitive
1049,Competitive
1082,Competitive
1097,Competitive
1104,Competitive
1146,Competitive
1181,Competitive
1184,Competitive
1198,Competitive
1221,Competitive
1240,Competitive
1261,Competitive
1275,Competitive
1281,Competitive
1287,Competitive
1322,Competitive
1409,Competitive
1445,Competitive
1478,Competitive
1512,Competitive
1533,Competitive
1547,Competitive
1567,Competitive
1575,Competitive
1578,Competitive
1584,Competitive
1586,Competitive
1596,Competitive
1641,Competitive
1677,Competitive
1679,Competitive
1682,Competitive
1705,Competitive
1707,Competitive
1708,Competitive
1745,Competitive
1750,Competitive
1764,Competitive
1765,Competitive
1771,Competitive
1779,Competitive
1790,Competitive
1811,Competitive
1903,Competitive
1911,Competitive
1915,Competitive
1923,Competitive
1927,Competitive
1962,Competitive
1990,Competitive
2019,Competitive
2035,Competitive
2040,Competitive
2042,Competitive
2046,Competitive
2072,Competitive
2095,Competitive
2102,Competitive
2113,Competitive
2114,Competitive
2121,Competitive
2130,Competitive
2133,Competitive
2165,Competitive
2214,Competitive
2221,Competitive
2226,Competitive
2232,Competitive
2283,Competitive
2284,Competitive
2311,Competitive
2322,Competitive
2386,Competitive
2387,Competitive
2435,Competitive
2449,Competitive
2451,Competitive
2470,Competitive
2495,Competitive
2514,Competitive
2538,Competitive
2557,Competitive
2572,Competitive
2587,Competitive
2592,Competitive
2593,Competitive
2615,Competitive
2641,Competitive
2643,Competitive
2650,Competitive
2657,Competitive
2702,Competitive
2716,Competitive
2721,Competitive
2725,Competitive
2734,Competitive
2736,Competitive
2775,Competitive
2801,Competitive
2856,Competitive
2861,Competitive
2873,Competitive
2885,Competitive
2899,Competitive
2967,Competitive
2970,Competitive
2979,Competitive
2986,Competitive
2987,Competitive
3038,Competitive
3049,Competitive
3061,Competitive
3078,Competitive
3082,Competitive
3088,Competitive
3098,Competitive
3114,Competitive
3149,Competitive
3151,Competitive
3198,Competitive
3204,Competitive
3208,Competitive
3221,Competitive
3224,Competitive
3233,Competitive
3238,Competitive
3273,Competitive
3300,Competitive
3335,Competitive
3346,Competitive
3357,Competitive
3383,Competitive
3387,Competitive
3388,Competitive
3423,Competitive
3438,Competitive
3439,Competitive
3452,Competitive
3456,Competitive
3462,Competitive
3467,Competitive
3520,Competitive
3606,Competitive
3671,Competitive
3675,Competitive
3679,Competitive
3681,Competitive
3701,Competitive
3703,Competitive
3717,Competitive
3730,Competitive
3755,Competitive
3756,Competitive
3769,Competitive
3777,Competitive
3782,Competitive
3784,Competitive
3788,Competitive
3804,Competitive
3809,Competitive
3825,Competitive
3849,Competitive
3903,Competitive
3910,Competitive
3911,Competitive
3923,Competitive
3950,Competitive
3958,Competitive
3970,Competitive
3988,Competitive
4010,Competitive
4080,Competitive
4104,Competitive
4110,Competitive
4111,Competitive
4151,Competitive
4169,Competitive
4181,Competitive
4239,Competitive
4281,Competitive
4310,Competitive
4312,Competitive
4314,Competitive
4342,Competitive
4345,Competitive
4380,Competitive
4391,Competitive
4405,Competitive
4430,Competitive
4448,Competitive
4455,Competitive
4460,Competitive
4476,Competitive
4507,Competitive
4518,Competitive
4522,Competitive
4546,Competitive
4549,Competitive
4552,Competitive
4601,Competitive
4653,Competitive
4661,Competitive
4671,Competitive
4682,Competitive
2,Critical
35,Critical
39,Critical
42,Critical
52,Critical
60,Critical
106,Critical
119,Critical
122,Critical
159,Critical
184,Critical
225,Critical
229,Critical
267,Critical
276,Critical
416,Critical
482,Critical
503,Critical
520,Critical
538,Critical
561,Critical
577,Critical
581,Critical
586,Critical
587,Critical
595,Critical
601,Critical
608,Critical
609,Critical
630,Critical
634,Critical
657,Critical
682,Critical
690,Critical
725,Critical
748,Critical
774,Critical
833,Critical
836,Critical
837,Critical
881,Critical
902,Critical
922,Critical
937,Critical
940,Critical
962,Critical
989,Critical
1029,Critical
1046,Critical
1051,Critical
1053,Critical
1103,Critical
1104,Critical
1118,Critical
1128,Critical
1133,Critical
1138,Critical
1142,Critical
1182,Critical
1195,Critical
1232,Critical
1241,Critical
1259,Critical
1293,Critical
1295,Critical
1296,Critical
1314,Critical
1320,Critical
1323,Critical
1383,Critical
1465,Critical
1466,Critical
1467,Critical
1474,Critical
1487,Critical
1532,Critical
1558,Critical
1565,Critical
1579,Critical
1598,Critical
1600,Critical
1612,Critical
1630,Critical
1650,Critical
1660,Critical
1666,Critical
1818,Critical
1837,Critical
1838,Critical
1849,Critical
1860,Critical
1910,Critical
1916,Critical
1941,Critical
1965,Critical
1989,Critical
2009,Critical
2010,Critical
2043,Critical
2119,Critical
2120,Critical
2191,Critical
2233,Critical
2236,Critical
2246,Critical
2315,Critical
2343,Critical
2353,Critical
2357,Critical
2375,Critical
2387,Critical
2396,Critical
2431,Critical
2433,Critical
2463,Critical
2523,Critical
2526,Critical
2528,Critical
2531,Critical
2545,Critical
2580,Critical
2584,Critical
2595,Critical
2613,Critical
2624,Critical
2657,Critical
2693,Critical
2708,Critical
2715,Critical
2716,Critical
2746,Critical
2772,Critical
2778,Critical
2780,Critical
2788,Critical
2798,Critical
2805,Critical
2895,Critical
2898,Critical
2907,Critical
2919,Critical
2932,Critical
2939,Critical
2944,Critical
2957,Critical
2975,Critical
3016,Critical
3019,Critical
3036,Critical
3040,Critical
3043,Critical
3075,Critical
3078,Critical
3144,Critical
3192,Critical
3226,Critical
3334,Critical
3340,Critical
3352,Critical
3358,Critical
3361,Critical
3366,Critical
3378,Critical
3385,Critical
3394,Critical
3405,Critical
3407,Critical
3448,Critical
3469,Critical
3480,Critical
3486,Critical
3509,Critical
3524,Critical
3561,Critical
3563,Critical
3574,Critical
3579,Critical
3624,Critical
3631,Critical
3646,Critical
3667,Critical
3694,Critical
3703,Critical
3722,Critical
3754,Critical
3758,Critical
3777,Critical
3789,Critical
3796,Critical
3803,Critical
3814,Critical
3839,Critical
3855,Critical
3865,Critical
3878,Critical
3884,Critical
3937,Critical
3989,Critical
3991,Critical
4005,Critical
4009,Critical
4010,Critical
4014,Critical
4026,Critical
4044,Critical
4049,Critical
4057,Critical
4060,Critical
4076,Critical
4084,Critical
4087,Critical
4113,Critical
4179,Critical
4202,Critical
4234,Critical
4243,Critical
4247,Critical
4278,Critical
4304,Critical
4318,Critical
4351,Critical
4359,Critical
4372,Critical
4381,Critical
4393,Critical
4420,Critical
4431,Critical
4449,Critical
4496,Critical
4506,Critical
4509,Critical
4522,Critical
4528,Critical
4529,Critical
4542,Critical
4556,Critical
4567,Critical
4573,Critical
4581,Critical
4594,Critical
4601,Critical
4612,Critical
4639,Critical
14,Indecisive
25,Indecisive
28,Indecisive
64,Indecisive
67,Indecisive
85,Indecisive
88,Indecisive
90,Indecisive
117,Indecisive
127,Indecisive
141,Indecisive
159,Indecisive
170,Indecisive
219,Indecisive
222,Indecisive
226,Indecisive
227,Indecisive
234,Indecisive
257,Indecisive
269,Indecisive
418,Indecisive
427,Indecisive
431,Indecisive
460,Indecisive
494,Indecisive
510,Indecisive
520,Indecisive
529,Indecisive
547,Indecisive
550,Indecisive
553,Indecisive
626,Indecisive
650,Indecisive
661,Indecisive
677,Indecisive
735,Indecisive
839,Indecisive
858,Indecisive
875,Indecisive
922,Indecisive
993,Indecisive
1009,Indecisive
1019,Indecisive
1024,Indecisive
1026,Indecisive
1040,Indecisive
1062,Indecisive
1064,Indecisive
1087,Indecisive
1097,Indecisive
1101,Indecisive
1109,Indecisive
1130,Indecisive
1155,Indecisive
1157,Indecisive
1164,Indecisive
1169,Indecisive
1170,Indecisive
1171,Indecisive
1175,Indecisive
1183,Indecisive
1200,Indecisive
1218,Indecisive
1269,Indecisive
1287,Indecisive
1295,Indecisive
1307,Indecisive
1327,Indecisive
1334,Indecisive
1352,Indecisive
1382,Indecisive
1400,Indecisive
1416,Indecisive
1424,Indecisive
1429,Indecisive
1441,Indecisive
1443,Indecisive
1500,Indecisive
1509,Indecisive
1527,Indecisive
1556,Indecisive
1573,Indecisive
1579,Indecisive
1618,Indecisive
1698,Indecisive
1704,Indecisive
1753,Indecisive
1782,Indecisive
1788,Indecisive
1796,Indecisive
1828,Indecisive
1841,Indecisive
1871,Indecisive
1916,Indecisive
1925,Indecisive
1938,Indecisive
1950,Indecisive
1959,Indecisive
1972,Indecisive
1982,Indecisive
1989,Indecisive
1991,Indecisive
1997,Indecisive
2008,Indecisive
2024,Indecisive
2043,Indecisive
2059,Indecisive
2107,Indecisive
2111,Indecisive
2114,Indecisive
2131,Indecisive
2135,Indecisive
2136,Indecisive
2143,Indecisive
2150,Indecisive
2163,Indecisive
2168,Indecisive
2178,Indecisive
2186,Indecisive
2240,Indecisive
2244,Indecisive
2245,Indecisive
2249,Indecisive
2257,Indecisive
2263,Indecisive
2270,Indecisive
2281,Indecisive
2326,Indecisive
2328,Indecisive
2362,Indecisive
2367,Indecisive
2377,Indecisive
2392,Indecisive
2395,Indecisive
2406,Indecisive
2433,Indecisive
2493,Indecisive
2500,Indecisive
2514,Indecisive
2518,Indecisive
2523,Indecisive
2569,Indecisive
2584,Indecisive
2604,Indecisive
2623,Indecisive
2633,Indecisive
2645,Indecisive
2651,Indecisive
2660,Indecisive
2668,Indecisive
2686,Indecisive
2733,Indecisive
2774,Indecisive
2783,Indecisive
2801,Indecisive
2803,Indecisive
2815,Indecisive
2843,Indecisive
2861,Indecisive
2919,Indecisive
2924,Indecisive
2977,Indecisive
2987,Indecisive
2992,Indecisive
3013,Indecisive
3046,Indecisive
3068,Indecisive
3073,Indecisive
3074,Indecisive
3092,Indecisive
3100,Indecisive
3107,Indecisive
3116,Indecisive
3141,Indecisive
3222,Indecisive
3246,Indecisive
3305,Indecisive
3343,Indecisive
3390,Indecisive
3398,Indecisive
3415,Indecisive
3459,Indecisive
3460,Indecisive
3464,Indecisive
3474,Indecisive
3499,Indecisive
3511,Indecisive
3523,Indecisive
3571,Indecisive
3574,Indecisive
3578,Indecisive
3583,Indecisive
3591,Indecisive
3594,Indecisive
3622,Indecisive
3623,Indecisive
3629,Indecisive
3632,Indecisive
3646,Indecisive
3672,Indecisive
3686,Indecisive
3697,Indecisive
3707,Indecisive
3711,Indecisive
3713,Indecisive
3732,Indecisive
3752,Indecisive
3757,Indecisive
3761,Indecisive
3817,Indecisive
3818,Indecisive
3826,Indecisive
3829,Indecisive
3839,Indecisive
3844,Indecisive
3910,Indecisive
3915,Indecisive
3922,Indecisive
3959,Indecisive
4028,Indecisive
4046,Indecisive
4055,Indecisive
4062,Indecisive
4094,Indecisive
4135,Indecisive
4153,Indecisive
4169,Indecisive
4206,Indecisive
4215,Indecisive
4253,Indecisive
4262,Indecisive
4278,Indecisive
4300,Indecisive
4318,Indecisive
4321,Indecisive
4325,Indecisive
4356,Indecisive
4357,Indecisive
4371,Indecisive
4404,Indecisive
4433,Indecisive
4435,Indecisive
4474,Indecisive
4494,Indecisive
4495,Indecisive
4508,Indecisive
4530,Indecisive
4565,Indecisive
4573,Indecisive
4575,Indecisive
4579,Indecisive
4590,Indecisive
4593,Indecisive
4644,Indecisive
4663,Indecisive
4679,Indecisive
4687,Indecisive
21,Procrastination
29,Procrastination
61,Procrastination
104,Procrastination
135,Procrastination
150,Procrastination
180,Procrastination
230,Procrastination
274,Procrastination
439,Procrastination
473,Procrastination
487,Procrastination
491,Procrastination
495,Procrastination
501,Procrastination
509,Procrastination
550,Procrastination
600,Procrastination
607,Procrastination
627,Procrastination
676,Procrastination
722,Procrastination
727,Procrastination
753,Procrastination
758,Procrastination
771,Procrastination
773,Procrastination
788,Procrastination
834,Procrastination
840,Procrastination
847,Procrastination
867,Procrastination
880,Procrastination
939,Procrastination
952,Procrastination
967,Procrastination
987,Procrastination
1002,Procrastination
1020,Procrastination
1027,Procrastination
1036,Procrastination
1060,Procrastination
1067,Procrastination
1080,Procrastination
1087,Procrastination
1090,Procrastination
1123,Procrastination
1135,Procrastination
1139,Procrastination
1150,Procrastination
1169,Procrastination
1213,Procrastination
1214,Procrastination
1234,Procrastination
1240,Procrastination
1315,Procrastination
1318,Procrastination
1352,Procrastination
1353,Procrastination
1355,Procrastination
1360,Procrastination
1383,Procrastination
1401,Procrastination
1402,Procrastination
1426,Procrastination
1432,Procrastination
1435,Procrastination
1438,Procrastination
1450,Procrastination
1477,Procrastination
1481,Procrastination
1483,Procrastination
1487,Procrastination
1497,Procrastination
1510,Procrastination
1525,Procrastination
1553,Procrastination
1592,Procrastination
1613,Procrastination
1620,Procrastination
1627,Procrastination
1631,Procrastination
1645,Procrastination
1657,Procrastination
1685,Procrastination
1689,Procrastination
1756,Procrastination
1765,Procrastination
1806,Procrastination
1807,Procrastination
1809,Procrastination
1838,Procrastination
1849,Procrastination
1851,Procrastination
1877,Procrastination
1886,Procrastination
1894,Procrastination
1897,Procrastination
1905,Procrastination
1914,Procrastination
1941,Procrastination
1954,Procrastination
1958,Procrastination
1962,Procrastination
1967,Procrastination
2020,Procrastination
2024,Procrastination
2064,Procrastination
2073,Procrastination
2112,Procrastination
2161,Procrastination
2163,Procrastination
2169,Procrastination
2172,Procrastination
2211,Procrastination
2219,Procrastination
2226,Procrastination
2237,Procrastination
2259,Procrastination
2260,Procrastination
2264,Procrastination
2279,Procrastination
2288,Procrastination
2300,Procrastination
2307,Procrastination
2327,Procrastination
2350,Procrastination
2363,Procrastination
2366,Procrastination
2388,Procrastination
2392,Procrastination
2409,Procrastination
2423,Procrastination
2433,Procrastination
2437,Procrastination
2482,Procrastination
2509,Procrastination
2515,Procrastination
2521,Procrastination
2540,Procrastination
2595,Procrastination
2597,Procrastination
2607,Procrastination
2612,Procrastination
2625,Procrastination
2674,Procrastination
2683,Procrastination
2687,Procrastination
2698,Procrastination
2711,Procrastination
2713,Procrastination
2770,Procrastination
2814,Procrastination
2828,Procrastination
2871,Procrastination
2913,Procrastination
2933,Procrastination
2949,Procrastination
2961,Procrastination
2980,Procrastination
2992,Procrastination
3016,Procrastination
3083,Procrastination
3112,Procrastination
3113,Procrastination
3128,Procrastination
3136,Procrastination
3224,Procrastination
3228,Procrastination
3245,Procrastination
3264,Procrastination
3271,Procrastination
3279,Procrastination
3284,Procrastination
3359,Procrastination
3366,Procrastination
3398,Procrastination
3440,Procrastination
3473,Procrastination
3481,Procrastination
3516,Procrastination
3527,Procrastination
3542,Procrastination
3545,Procrastination
3548,Procrastination
3551,Procrastination
3597,Procrastination
3608,Procrastination
3667,Procrastination
3696,Procrastination
3755,Procrastination
3796,Procrastination
3827,Procrastination
3829,Procrastination
3832,Procrastination
3922,Procrastination
3935,Procrastination
3939,Procrastination
3941,Procrastination
3954,Procrastination
3993,Procrastination
4009,Procrastination
4021,Procrastination
4047,Procrastination
4079,Procrastination
4085,Procrastination
4098,Procrastination
4171,Procrastination
4182,Procrastination
4216,Procrastination
4223,Procrastination
4246,Procrastination
4260,Procrastination
4288,Procrastination
4296,Procrastination
4312,Procrastination
4314,Procrastination
4360,Procrastination
4367,Procrastination
4370,Procrastination
4378,Procrastination
4382,Procrastination
4388,Procrastination
4394,Procrastination
4415,Procrastination
4547,Procrastination
4556,Procrastination
4557,Procrastination
4565,Procrastination
4575,Procrastination
4594,Procrastination
4624,Procrastination
4634,Procrastination
4638,Procrastination
4645,Procrastination
4650,Procrastination
4659,Procrastination
6,Stubborn
20,Stubborn
43,Stubborn
57,Stubborn
76,Stubborn
116,Stubborn
142,Stubborn
202,Stubborn
207,Stubborn
221,Stubborn
233,Stubborn
237,Stubborn
238,Stubborn
243,Stubborn
264,Stubborn
274,Stubborn
275,Stubborn
444,Stubborn
461,Stubborn
476,Stubborn
478,Stubborn
486,Stubborn
487,Stubborn
500,Stubborn
525,Stubborn
542,Stubborn
547,Stubborn
567,Stubborn
594,Stubborn
595,Stubborn
624,Stubborn
628,Stubborn
643,Stubborn
644,Stubborn
658,Stubborn
675,Stubborn
683,Stubborn
699,Stubborn
707,Stubborn
751,Stubborn
805,Stubborn
838,Stubborn
905,Stubborn
914,Stubborn
920,Stubborn
934,Stubborn
962,Stubborn
969,Stubborn
970,Stubborn
982,Stubborn
1018,Stubborn
1036,Stubborn
1037,Stubborn
1079,Stubborn
1127,Stubborn
1136,Stubborn
1142,Stubborn
1159,Stubborn
1166,Stubborn
1197,Stubborn
1218,Stubborn
1222,Stubborn
1223,Stubborn
1236,Stubborn
1260,Stubborn
1265,Stubborn
1281,Stubborn
1310,Stubborn
1321,Stubborn
1326,Stubborn
1328,Stubborn
1377,Stubborn
1391,Stubborn
1404,Stubborn
1405,Stubborn
1417,Stubborn
1473,Stubborn
1481,Stubborn
1496,Stubborn
1537,Stubborn
1541,Stubborn
1542,Stubborn
1562,Stubborn
1569,Stubborn
1580,Stubborn
1592,Stubborn
1601,Stubborn
1639,Stubborn
1642,Stubborn
1648,Stubborn
1683,Stubborn
1689,Stubborn
1696,Stubborn
1722,Stubborn
1729,Stubborn
1735,Stubborn
1747,Stubborn
1748,Stubborn
1798,Stubborn
1849,Stubborn
1856,Stubborn
1866,Stubborn
1890,Stubborn
1892,Stubborn
1896,Stubborn
1918,Stubborn
1930,Stubborn
1936,Stubborn
1990,Stubborn
2029,Stubborn
2030,Stubborn
2041,Stubborn
2082,Stubborn
2086,Stubborn
2131,Stubborn
2132,Stubborn
2172,Stubborn
2264,Stubborn
2309,Stubborn
2357,Stubborn
2379,Stubborn
2386,Stubborn
2425,Stubborn
2431,Stubborn
2602,Stubborn
2626,Stubborn
2630,Stubborn
2640,Stubborn
2649,Stubborn
2660,Stubborn
2672,Stubborn
2775,Stubborn
2789,Stubborn
2818,Stubborn
2878,Stubborn
2910,Stubborn
2933,Stubborn
2937,Stubborn
2939,Stubborn
2966,Stubborn
3023,Stubborn
3081,Stubborn
3102,Stubborn
3113,Stubborn
3120,Stubborn
3141,Stubborn
3176,Stubborn
3180,Stubborn
3281,Stubborn
3298,Stubborn
3325,Stubborn
3334,Stubborn
3372,Stubborn
3373,Stubborn
3383,Stubborn
3408,Stubborn
3421,Stubborn
3489,Stubborn
3493,Stubborn
3506,Stubborn
3519,Stubborn
3553,Stubborn
3555,Stubborn
3561,Stubborn
3571,Stubborn
3593,Stubborn
3611,Stubborn
3644,Stubborn
3650,Stubborn
3662,Stubborn
3670,Stubborn
3675,Stubborn
3714,Stubborn
3720,Stubborn
3722,Stubborn
3732,Stubborn
3804,Stubborn
3816,Stubborn
3830,Stubborn
3854,Stubborn
3863,Stubborn
3867,Stubborn
3906,Stubborn
3911,Stubborn
3921,Stubborn
3991,Stubborn
4000,Stubborn
4011,Stubborn
4045,Stubborn
4050,Stubborn
4076,Stubborn
4107,Stubborn
4135,Stubborn
4147,Stubborn
4157,Stubborn
4177,Stubborn
4197,Stubborn
4200,Stubborn
4203,Stubborn
4245,Stubborn
4255,Stubborn
4265,Stubborn
4281,Stubborn
4309,Stubborn
4353,Stubborn
4392,Stubborn
4403,Stubborn
4411,Stubborn
4418,Stubborn
4426,Stubborn
4465,Stubborn
4489,Stubborn
4494,Stubborn
4510,Stubborn
4535,Stubborn
4544,Stubborn
4546,Stubborn
4592,Stubborn
4619,Stubborn
4622,Stubborn
4626,Stubborn
4649,Stubborn
4661,Stubborn
4676,Stubborn
