candidate_id,strength
86,Charisma
131,Charisma
132,Charisma
138,Charisma
139,Charisma
142,Charisma
152,Charisma
156,Charisma
221,Charisma
227,Charisma
236,Charisma
241,Charisma
245,Charisma
254,Charisma
276,Charisma
380,Charisma
419,Charisma
425,Charisma
460,Charisma
475,Charisma
479,Charisma
489,Charisma
491,Charisma
514,Charisma
522,Charisma
528,Charisma
532,Charisma
608,Charisma
720,Charisma
749,Charisma
782,Charisma
788,Charisma
800,Charisma
855,Charisma
892,Charisma
918,Charisma
969,Charisma
1076,Charisma
1085,Charisma
1092,Charisma
1106,Charisma
1111,Charisma
1124,Charisma
1155,Charisma
1175,Charisma
1207,Charisma
1218,Charisma
1232,Charisma
1238,Charisma
1245,Charisma
1259,Charisma
1278,Charisma
1287,Charisma
1296,Charisma
1301,Charisma
1314,Charisma
1375,Charisma
1377,Charisma
1443,Charisma
1450,Charisma
1458,Charisma
1483,Charisma
1489,Charisma
1496,Charisma
1497,Charisma
1556,Charisma
1608,Charisma
1610,Charisma
1621,Charisma
1642,Charisma
1658,Charisma
1675,Charisma
1703,Charisma
1718,Charisma
1722,Charisma
1738,Charisma
1740,Charisma
1743,Charisma
1761,Charisma
1782,Charisma
1801,Charisma
1809,Charisma
1821,Charisma
1839,Charisma
1870,Charisma
1980,Charisma
1989,Charisma
2003,Charisma
2043,Charisma
2044,Charisma
2069,Charisma
2072,Charisma
2075,Charisma
2080,Charisma
2113,Charisma
2133,Charisma
2169,Charisma
2178,Charisma
2204,Charisma
2208,Charisma
2226,Charisma
2261,Charisma
2273,Charisma
2308,Charisma
2343,Charisma
2378,Charisma
2379,Charisma
2381,Charisma
2411,Charisma
2485,Charisma
2559,Charisma
2562,Charisma
2569,Charisma
2570,Charisma
2579,Charisma
2595,Charisma
2604,Charisma
2617,Charisma
2631,Charisma
2673,Charisma
2679,Charisma
2680,Charisma
2682,Charisma
2722,Charisma
2744,Charisma
2773,Charisma
2779,Charisma
2781,Charisma
2791,Charisma
2808,Charisma
2811,Charisma
2812,Charisma
2818,Charisma
2840,Charisma
2862,Charisma
2869,Charisma
2885,Charisma
2970,Charisma
3039,Charisma
3078,Charisma
3082,Charisma
3083,Charisma
3087,Charisma
3119,Charisma
3184,Charisma
3232,Charisma
3286,Charisma
3306,Charisma
3341,Charisma
3343,Charisma
3352,Charisma
3354,Charisma
3361,Charisma
3367,Charisma
3379,Charisma
3414,Charisma
3463,Charisma
3466,Charisma
3543,Charisma
3552,Charisma
3565,Charisma
3619,Charisma
3623,Charisma
3662,Charisma
3672,Charisma
3777,Charisma
3818,Charisma
3832,Charisma
3853,Charisma
3878,Charisma
3910,Charisma
3920,Charisma
3922,Charisma
3924,Charisma
3933,Charisma
3935,Charisma
3953,Charisma
3967,Charisma
3991,Charisma
4006,Charisma
4010,Charisma
4017,Charisma
4019,Charisma
4045,Charisma
4050,Charisma
4072,Charisma
4098,Charisma
4113,Charisma
4118,Charisma
4128,Charisma
4174,Charisma
4194,Charisma
4198,Charisma
4199,Charisma
4219,Charisma
4234,Charisma
4312,Charisma
4338,Charisma
4359,Charisma
4390,Charisma
4397,Charisma
4436,Charisma
4471,Charisma
4478,Charisma
4484,Charisma
4496,Charisma
4507,Charisma
4528,Charisma
4546,Charisma
4548,Charisma
4561,Charisma
4639,Charisma
4670,Charisma
4671,Charisma
4679,Charisma
2,Patient
8,Patient
23,Patient
43,Patient
47,Patient
52,Patient
55,Patient
61,Patient
109,Patient
133,Patient
155,Patient
172,Patient
198,Patient
204,Patient
222,Patient
223,Patient
241,Patient
275,Patient
381,Patient
382,Patient
408,Patient
418,Patient
506,Patient
510,Patient
531,Patient
550,Patient
578,Patient
580,Patient
618,Patient
671,Patient
703,Patient
712,Patient
714,Patient
722,Patient
729,Patient
730,Patient
735,Patient
750,Patient
778,Patient
847,Patient
875,Patient
880,Patient
911,Patient
925,Patient
979,Patient
1007,Patient
1030,Patient
1031,Patient
1048,Patient
1079,Patient
1080,Patient
1086,Patient
1090,Patient
1114,Patient
1157,Patient
1182,Patient
1190,Patient
1211,Patient
1220,Patient
1241,Patient
1246,Patient
1267,Patient
1276,Patient
1281,Patient
1310,Patient
1314,Patient
1388,Patient
1395,Patient
1407,Patient
1444,Patient
1487,Patient
1493,Patient
1516,Patient
1540,Patient
1549,Patient
1558,Patient
1608,Patient
1632,Patient
1640,Patient
1672,Patient
1679,Patient
1684,Patient
1689,Patient
1795,Patient
1800,Patient
1822,Patient
1831,Patient
1837,Patient
1856,Patient
1923,Patient
1930,Patient
1956,Patient
1997,Patient
2008,Patient
2019,Patient
2032,Patient
2118,Patient
2122,Patient
2128,Patient
2136,Patient
2150,Patient
2170,Patient
2179,Patient
2182,Patient
2211,Patient
2232,Patient
2247,Patient
2261,Patient
2262,Patient
2264,Patient
2280,Patient
2311,Patient
2340,Patient
2351,Patient
2378,Patient
2387,Patient
2423,Patient
2435,Patient
2492,Patient
2493,Patient
2509,Patient
2518,Patient
2552,Patient
2580,Patient
2606,Patient
2612,Patient
2626,Patient
2632,Patient
2674,Patient
2779,Patient
2789,Patient
2799,Patient
2839,Patient
2857,Patient
2867,Patient
2869,Patient
2881,Patient
2889,Patient
2914,Patient
2926,Patient
2986,Patient
2993,Patient
3046,Patient
3054,Patient
3091,Patient
3118,Patient
3141,Patient
3143,Patient
3178,Patient
3198,Patient
3221,Patient
3233,Patient
3243,Patient
3269,Patient
3274,Patient
3298,Patient
3306,Patient
3309,Patient
3335,Patient
3343,Patient
3351,Patient
3357,Patient
3371,Patient
3396,Patient
3405,Patient
3516,Patient
3524,Patient
3535,Patient
3607,Patient
3720,Patient
3739,Patient
3786,Patient
3791,Patient
3814,Patient
3837,Patient
3865,Patient
3868,Patient
3915,Patient
3921,Patient
3980,Patient
3985,Patient
3994,Patient
3995,Patient
4014,Patient
4050,Patient
4065,Patient
4076,Patient
4080,Patient
4084,Patient
4103,Patient
4115,Patient
4212,Patient
4223,Patient
4225,Patient
4239,Patient
4309,Patient
4333,Patient
4362,Patient
4397,Patient
4401,Patient
4403,Patient
4407,Patient
4408,Patient
4449,Patient
4474,Patient
4480,Patient
4502,Patient
4552,Patient
4557,Patient
4567,Patient
4569,Patient
4570,Patient
4579,Patient
4645,Patient
4660,Patient
4678,Patient
4680,Patient
2,Curious
92,Curious
93,Curious
96,Curious
101,Curious
140,Curious
141,Curious
144,Curious
146,Curious
174,Curious
180,Curious
192,Curious
243,Curious
275,Curious
381,Curious
397,Curious
429,Curious
432,Curious
434,Curious
453,Curious
457,Curious
464,Curious
465,Curious
486,Curious
487,Curious
491,Curious
496,Curious
572,Curious
574,Curious
613,Curious
633,Curious
635,Curious
676,Curious
699,Curious
712,Curious
720,Curious
721,Curious
727,Curious
758,Curious
784,Curious
840,Curious
856,Curious
861,Curious
862,Curious
934,Curious
957,Curious
1037,Curious
1040,Curious
1052,Curious
1131,Curious
1146,Curious
1181,Curious
1190,Curious
1195,Curious
1197,Curious
1207,Curious
1234,Curious
1239,Curious
1241,Curious
1250,Curious
1269,Curious
1292,Curious
1336,Curious
1352,Curious
1359,Curious
1362,Curious
1369,Curious
1377,Curious
1400,Curious
1417,Curious
1450,Curious
1470,Curious
1474,Curious
1496,Curious
1527,Curious
1540,Curious
1548,Curious
1584,Curious
1590,Curious
1615,Curious
1624,Curious
1626,Curious
1634,Curious
1641,Curious
1663,Curious
1677,Curious
1682,Curious
1695,Curious
1738,Curious
1755,Curious
1766,Curious
1770,Curious
1771,Curious
1786,Curious
1788,Curious
1792,Curious
1794,Curious
1796,Curious
1806,Curious
1821,Curious
1822,Curious
1826,Curious
1850,Curious
1861,Curious
1879,Curious
1886,Curious
1892,Curious
1957,Curious
1991,Curious
2053,Curious
2059,Curious
2063,Curious
2079,Curious
2085,Curious
2119,Curious
2121,Curious
2224,Curious
2234,Curious
2242,Curious
2249,Curious
2265,Curious
2325,Curious
2343,Curious
2346,Curious
2372,Curious
2374,Curious
2393,Curious
2459,Curious
2474,Curious
2493,Curious
2502,Curious
2510,Curious
2548,Curious
2551,Curious
2608,Curious
2610,Curious
2623,Curious
2693,Curious
2708,Curious
2744,Curious
2745,Curious
2748,Curious
2752,Curious
2790,Curious
2824,Curious
2829,Curious
2838,Curious
2895,Curious
2944,Curious
2975,Curious
2991,Curious
3017,Curious
3041,Curious
3047,Curious
3048,Curious
3098,Curious
3119,Curious
3149,Curious
3153,Curious
3160,Curious
3246,Curious
3342,Curious
3372,Curious
3376,Curious
3397,Curious
3399,Curious
3439,Curious
3444,Curious
3447,Curious
3452,Curious
3509,Curious
3520,Curious
3561,Curious
3563,Curious
3565,Curious
3566,Curious
3585,Curious
3593,Curious
3624,Curious
3632,Curious
3635,Curious
3642,Curious
3679,Curious
3692,Curious
3713,Curious
3725,Curious
3758,Curious
3789,Curious
3795,Curious
3800,Curious
3808,Curious
3827,Curious
3834,Curious
3843,Curious
3876,Curious
3904,Curious
3924,Curious
3926,Curious
3950,Curious
3987,Curious
4000,Curious
4005,Curious
4021,Curious
4060,Curious
4089,Curious
4094,Curious
4101,Curious
4156,Curious
4176,Curious
4202,Curious
4210,Curious
4263,Curious
4291,Curious
4304,Curious
4326,Curious
4367,Curious
4391,Curious
4399,Curious
4409,Curious
4420,Curious
4423,Curious
4428,Curious
4433,Curious
4434,Curious
4466,Curious
4471,Curious
4480,Curious
4485,Curious
4508,Curious
4526,Curious
4530,Curious
4566,Curious
4576,Curious
4676,Curious
4685,Curious
16,Problem Solving
35,Problem Solving
63,Problem Solving
69,Problem Solving
98,Problem Solving
124,Problem Solving
129,Problem Solving
139,Problem Solving
146,Problem Solving
158,Problem Solving
160,Problem Solving
178,Problem Solving
219,Problem Solving
222,Problem Solving
233,Problem Solving
270,Problem Solving
381,Problem Solving
393,Problem Solving
405,Problem Solving
408,Problem Solving
415,Problem Solving
416,Problem Solving
418,Problem Solving
442,Problem Solving
476,Problem Solving
520,Problem Solving
525,Problem Solving
536,Problem Solving
547,Problem Solving
550,Problem Solving
579,Problem Solving
580,Problem Solving
583,Problem Solving
600,Problem Solving
607,Problem Solving
611,Problem Solving
615,Problem Solving
626,Problem Solving
638,Problem Solving
674,Problem Solving
735,Problem Solving
749,Problem Solving
751,Problem Solving
760,Problem Solving
766,Problem Solving
774,Problem Solving
809,Problem Solving
830,Problem Solving
848,Problem Solving
849,Problem Solving
890,Problem Solving
923,Problem Solving
931,Problem Solving
963,Problem Solving
970,Problem Solving
978,Problem Solving
982,Problem Solving
1000,Problem Solving
1008,Problem Solving
1042,Problem Solving
1060,Problem Solving
1076,Problem Solving
1079,Problem Solving
1120,Problem Solving
1146,Problem Solving
1149,Problem Solving
1150,Problem Solving
1188,Problem Solving
1196,Problem Solving
1200,Problem Solving
1206,Problem Solving
1239,Problem Solving
1276,Problem Solving
1318,Problem Solving
1336,Problem Solving
1363,Problem Solving
1382,Problem Solving
1398,Problem Solving
1421,Problem Solving
1430,Problem Solving
1487,Problem Solving
1490,Problem Solving
1519,Problem Solving
1538,Problem Solving
1567,Problem Solving
1621,Problem Solving
1636,Problem Solving
1648,Problem Solving
1651,Problem Solving
1673,Problem Solving
1767,Problem Solving
1802,Problem Solving
1807,Problem Solving
1814,Problem Solving
1828,Problem Solving
1852,Problem Solving
1858,Problem Solving
1859,Problem Solving
1862,Problem Solving
1870,Problem Solving
1876,Problem Solving
1896,Problem Solving
1905,Problem Solving
1919,Problem Solving
1920,Problem Solving
1937,Problem Solving
1948,Problem Solving
1980,Problem Solving
2011,Problem Solving
2015,Problem Solving
2041,Problem Solving
2078,Problem Solving
2098,Problem Solving
2107,Problem Solving
2114,Problem Solving
2118,Problem Solving
2126,Problem Solving
2131,Problem Solving
2136,Problem Solving
2145,Problem Solving
2152,Problem Solving
2165,Problem Solving
2191,Problem Solving
2208,Problem Solving
2234,Problem Solving
2235,Problem Solving
2262,Problem Solving
2265,Problem Solving
2279,Problem Solving
2283,Problem Solving
2295,Problem Solving
2299,Problem Solving
2301,Problem Solving
2335,Problem Solving
2385,Problem Solving
2386,Problem Solving
2390,Problem Solving
2395,Problem Solving
2413,Problem Solving
2427,Problem Solving
2429,Problem Solving
2447,Problem Solving
2477,Problem Solving
2485,Problem Solving
2522,Problem Solving
2526,Problem Solving
2546,Problem Solving
2572,Problem Solving
2626,Problem Solving
2645,Problem Solving
2698,Problem Solving
2702,Problem Solving
2747,Problem Solving
2748,Problem Solving
2779,Problem Solving
2780,Problem Solving
2788,Problem Solving
2791,Problem Solving
2813,Problem Solving
2828,Problem Solving
2877,Problem Solving
2894,Problem Solving
2912,Problem Solving
2920,Problem Solving
2924,Problem Solving
2960,Problem Solving
2971,Problem Solving
3074,Problem Solving
3100,Problem Solving
3128,Problem Solving
3141,Problem Solving
3152,Problem Solving
3156,Problem Solving
3192,Problem Solving
3194,Problem Solving
3201,Problem Solving
3246,Problem Solving
3261,Problem Solving
3273,Problem Solving
3288,Problem Solving
3292,Problem Solving
3321,Problem Solving
3326,Problem Solving
3390,Problem Solving
3398,Problem Solving
3415,Problem Solving
3442,Problem Solving
3456,Problem Solving
3459,Problem Solving
3495,Problem Solving
3508,Problem Solving
3561,Problem Solving
3564,Problem Solving
3578,Problem Solving
3601,Problem Solving
3630,Problem Solving
3673,Problem Solving
3700,Problem Solving
3701,Problem Solving
3703,Problem Solving
3721,Problem Solving
3814,Problem Solving
3821,Problem Solving
3823,Problem Solving
3829,Problem Solving
3847,Problem Solving
3849,Problem Solving
3924,Problem Solving
3970,Problem Solving
4031,Problem Solving
4085,Problem Solving
4087,Problem Solving
4088,Problem Solving
4098,Problem Solving
4174,Problem Solving
4182,Problem Solving
4190,Problem Solving
4192,Problem Solving
4210,Problem Solving
4231,Problem Solving
4252,Problem Solving
4266,Problem Solving
4281,Problem Solving
4334,Problem Solving
4342,Problem Solving
4369,Problem Solving
4385,Problem Solving
4386,Problem Solving
4390,Problem Solving
4405,Problem Solving
4420,Problem Solving
4441,Problem Solving
4448,Problem Solving
4462,Problem Solving
4491,Problem Solving
4524,Problem Solving
4526,Problem Solving
4550,Problem Solving
4564,Problem Solving
4578,Problem Solving
4583,Problem Solving
4599,Problem Solving
4602,Problem Solving
4603,Problem Solving
4614,Problem Solving
4627,Problem Solving
4632,Problem Solving
4658,Problem Solving
4666,Problem Solving
4678,Problem Solving
4680,Problem Solving
4684,Problem Solving
15,Courteous
18,Courteous
23,Courteous
25,Courteous
34,Courteous
59,Courteous
83,Courteous
111,Courteous
117,Courteous
119,Courteous
122,Courteous
131,Courteous
132,Courteous
188,Courteous
207,Courteous
221,Courteous
262,Courteous
267,Courteous
382,Courteous
455,Courteous
457,Courteous
458,Courteous
487,Courteous
488,Courteous
495,Courteous
504,Courteous
519,Courteous
551,Courteous
561,Courteous
562,Courteous
575,Courteous
581,Courteous
583,Courteous
598,Courteous
607,Courteous
608,Courteous
616,Courteous
630,Courteous
663,Courteous
667,Courteous
669,Courteous
676,Courteous
690,Courteous
692,Courteous
730,Courteous
731,Courteous
740,Courteous
773,Courteous
791,Courteous
863,Courteous
868,Courteous
870,Courteous
905,Courteous
922,Courteous
927,Courteous
934,Courteous
983,Courteous
1036,Courteous
1052,Courteous
1081,Courteous
1090,Courteous
1101,Courteous
1105,Courteous
1124,Courteous
1170,Courteous
1178,Courteous
1223,Courteous
1259,Courteous
1264,Courteous
1273,Courteous
1279,Courteous
1289,Courteous
1295,Courteous
1312,Courteous
1349,Courteous
1350,Courteous
1371,Courteous
1377,Courteous
1407,Courteous
1429,Courteous
1450,Courteous
1454,Courteous
1514,Courteous
1532,Courteous
1547,Courteous
1558,Courteous
1578,Courteous
1605,Courteous
1658,Courteous
1669,Courteous
1677,Courteous
1687,Courteous
1698,Courteous
1699,Courteous
1718,Courteous
1724,Courteous
1786,Courteous
1812,Courteous
1831,Courteous
1851,Courteous
1860,Courteous
1901,Courteous
1912,Courteous
1916,Courteous
1947,Courteous
1952,Courteous
1956,Courteous
1984,Courteous
1988,Courteous
2028,Courteous
2045,Courteous
2047,Courteous
2101,Courteous
2108,Courteous
2114,Courteous
2116,Courteous
2140,Courteous
2163,Courteous
2165,Courteous
2171,Courteous
2185,Courteous
2189,Courteous
2246,Courteous
2307,Courteous
2312,Courteous
2344,Courteous
2349,Courteous
2400,Courteous
2410,Courteous
2449,Courteous
2470,Courteous
2526,Courteous
2529,Courteous
2540,Courteous
2546,Courteous
2552,Courteous
2555,Courteous
2568,Courteous
2585,Courteous
2597,Courteous
2599,Courteous
2624,Courteous
2628,Courteous
2643,Courteous
2654,Courteous
2660,Courteous
2687,Courteous
2715,Courteous
2746,Courteous
2749,Courteous
2755,Courteous
2756,Courteous
2804,Courteous
2814,Courteous
2887,Courteous
2896,Courteous
2901,Courteous
2942,Courteous
2943,Courteous
2963,Courteous
2965,Courteous
3058,Courteous
3061,Courteous
3064,Courteous
3104,Courteous
3114,Courteous
3133,Courteous
3136,Courteous
3145,Courteous
3147,Courteous
3170,Courteous
3186,Courteous
3190,Courteous
3205,Courteous
3240,Courteous
3264,Courteous
3273,Courteous
3285,Courteous
3300,Courteous
3307,Courteous
3334,Courteous
3359,Courteous
3385,Courteous
3388,Courteous
3411,Courteous
3451,Courteous
3461,Courteous
3473,Courteous
3481,Courteous
3491,Courteous
3493,Courteous
3497,Courteous
3499,Courteous
3523,Courteous
3544,Courteous
3581,Courteous
3586,Courteous
3622,Courteous
3624,Courteous
3629,Courteous
3630,Courteous
3673,Courteous
3693,Courteous
3722,Courteous
3751,Courteous
3774,Courteous
3785,Courteous
3798,Courteous
3803,Courteous
3818,Courteous
3844,Courteous
3867,Courteous
3929,Courteous
3935,Courteous
3975,Courteous
3989,Courteous
3995,Courteous
4033,Courteous
4078,Courteous
4080,Courteous
4089,Courteous
4099,Courteous
4103,Courteous
4130,Courteous
4139,Courteous
4141,Courteous
4153,Courteous
4175,Courteous
4203,Courteous
4226,Courteous
4268,Courteous
4351,Courteous
4368,Courteous
4382,Courteous
4469,Courteous
4501,Courteous
4511,Courteous
4518,Courteous
4529,Courteous
4565,Courteous
4566,Courteous
4583,Courteous
4585,Courteous
4590,Courteous
4597,Courteous
4599,Courteous
4634,Courteous
4642,Courteous
4682,Courteous
4693,Courteous
19,Independent
20,Independent
56,Independent
57,Independent
70,Independent
96,Independent
106,Independent
158,Independent
190,Independent
191,Independent
194,Independent
207,Independent
215,Independent
228,Independent
242,Independent
246,Independent
382,Independent
390,Independent
403,Independent
407,Independent
411,Independent
427,Independent
431,Independent
439,Independent
445,Independent
456,Independent
459,Independent
520,Independent
521,Independent
548,Independent
577,Independent
589,Independent
592,Independent
593,Independent
604,Independent
606,Independent
634,Independent
641,Independent
659,Independent
683,Independent
703,Independent
708,Independent
743,Independent
762,Independent
791,Independent
836,Independent
865,Independent
873,Independent
882,Independent
894,Independent
899,Independent
905,Independent
907,Independent
918,Independent
920,Independent
929,Independent
943,Independent
977,Independent
987,Independent
989,Independent
1027,Independent
1029,Independent
1030,Independent
1064,Independent
1082,Independent
1127,Independent
1141,Independent
1151,Independent
1155,Independent
1168,Independent
1169,Independent
1183,Independent
1198,Independent
1205,Independent
1213,Independent
1222,Independent
1223,Independent
1234,Independent
1238,Independent
1249,Independent
1252,Independent
1287,Independent
1291,Independent
1310,Independent
1311,Independent
1313,Independent
1323,Independent
1330,Independent
1334,Independent
1355,Independent
1379,Independent
1381,Independent
1417,Independent
1438,Independent
1475,Independent
1505,Independent
1511,Independent
1533,Independent
1549,Independent
1571,Independent
1626,Independent
1630,Independent
1632,Independent
1634,Independent
1739,Independent
1761,Independent
1798,Independent
1806,Independent
1809,Independent
1829,Independent
1831,Independent
1851,Independent
1852,Independent
1873,Independent
1886,Independent
1911,Independent
1912,Independent
1919,Independent
1931,Independent
1933,Independent
1954,Independent
1959,Independent
1982,Independent
2010,Independent
2014,Independent
2018,Independent
2022,Independent
2055,Independent
2065,Independent
2112,Independent
2135,Independent
2240,Independent
2249,Independent
2260,Independent
2268,Independent
2287,Independent
2288,Independent
2306,Independent
2309,Independent
2321,Independent
2322,Independent
2326,Independent
2336,Independent
2347,Independent
2365,Independent
2378,Independent
2392,Independent
2402,Independent
2420,Independent
2493,Independent
2500,Independent
2504,Independent
2511,Independent
2521,Independent
2589,Independent
2601,Independent
2611,Independent
2625,Independent
2640,Independent
2658,Independent
2675,Independent
2690,Independent
2705,Independent
2727,Independent
2735,Independent
2743,Independent
2746,Independent
2748,Independent
2755,Independent
2766,Independent
2783,Independent
2803,Independent
2863,Independent
2866,Independent
2879,Independent
2889,Independent
2919,Independent
2926,Independent
2961,Independent
2977,Independent
2985,Independent
2987,Independent
2989,Independent
3042,Independent
3059,Independent
3121,Independent
3136,Independent
3144,Independent
3153,Independent
3199,Independent
3208,Independent
3221,Independent
3228,Independent
3240,Independent
3268,Independent
3274,Independent
3295,Independent
3371,Independent
3399,Independent
3423,Independent
3442,Independent
3486,Independent
3500,Independent
3578,Independent
3581,Independent
3609,Independent
3611,Independent
3622,Independent
3631,Independent
3644,Independent
3646,Independent
3651,Independent
3672,Independent
3711,Independent
3721,Independent
3750,Independent
3806,Independent
3807,Independent
3814,Independent
3825,Independent
3834,Independent
3843,Independent
3864,Independent
3876,Independent
3884,Independent
3957,Independent
3964,Independent
3968,Independent
3975,Independent
3997,Independent
4028,Independent
4029,Independent
4038,Independent
4057,Independent
4062,Independent
4063,Independent
4113,Independent
4120,Independent
4147,Independent
4149,Independent
4181,Independent
4207,Independent
4212,Independent
4266,Independent
4308,Independent
4317,Independent
4357,Independent
4370,Independent
4371,Independent
4382,Independent
4389,Independent
4392,Independent
4399,Independent
4422,Independent
4426,Independent
4446,Independent
4449,Independent
4463,Independent
4489,Independent
4500,Independent
4506,Independent
4515,Independent
4537,Independent
4538,Independent
4573,Independent
4621,Independent
4629,Independent
4668,Independent
4688,Independent
4692,Independent
4695,Independent
8,Passionate
41,Passionate
53,Passionate
60,Passionate
69,Passionate
76,Passionate
90,Passionate
110,Passionate
116,Passionate
170,Passionate
172,Passionate
189,Passionate
221,Passionate
249,Passionate
257,Passionate
383,Passionate
390,Passionate
391,Passionate
394,Passionate
396,Passionate
401,Passionate
423,Passionate
434,Passionate
437,Passionate
441,Passionate
445,Passionate
446,Passionate
452,Passionate
461,Passionate
482,Passionate
495,Passionate
508,Passionate
528,Passionate
555,Passionate
564,Passionate
586,Passionate
613,Passionate
615,Passionate
667,Passionate
703,Passionate
771,Passionate
788,Passionate
815,Passionate
834,Passionate
840,Passionate
860,Passionate
863,Passionate
870,Passionate
907,Passionate
913,Passionate
943,Passionate
944,Passionate
998,Passionate
1026,Passionate
1041,Passionate
1050,Passionate
1089,Passionate
1110,Passionate
1120,Passionate
1133,Passionate
1142,Passionate
1173,Passionate
1208,Passionate
1211,Passionate
1236,Passionate
1238,Passionate
1246,Passionate
1253,Passionate
1275,Passionate
1315,Passionate
1325,Passionate
1328,Passionate
1378,Passionate
1379,Passionate
1382,Passionate
1387,Passionate
1421,Passionate
1439,Passionate
1478,Passionate
1480,Passionate
1483,Passionate
1525,Passionate
1535,Passionate
1537,Passionate
1542,Passionate
1573,Passionate
1586,Passionate
1592,Passionate
1596,Passionate
1610,Passionate
1614,Passionate
1615,Passionate
1654,Passionate
1671,Passionate
1703,Passionate
1712,Passionate
1719,Passionate
1728,Passionate
1741,Passionate
1754,Passionate
1766,Passionate
1788,Passionate
1849,Passionate
1850,Passionate
1852,Passionate
1859,Passionate
1884,Passionate
1923,Passionate
1929,Passionate
1936,Passionate
1968,Passionate
1983,Passionate
2047,Passionate
2073,Passionate
2085,Passionate
2092,Passionate
2096,Passionate
2099,Passionate
2100,Passionate
2116,Passionate
2258,Passionate
2291,Passionate
2334,Passionate
2376,Passionate
2403,Passionate
2435,Passionate
2458,Passionate
2482,Passionate
2514,Passionate
2515,Passionate
2573,Passionate
2600,Passionate
2609,Passionate
2615,Passionate
2618,Passionate
2630,Passionate
2646,Passionate
2654,Passionate
2706,Passionate
2725,Passionate
2735,Passionate
2737,Passionate
2746,Passionate
2749,Passionate
2754,Passionate
2762,Passionate
2763,Passionate
2764,Passionate
2797,Passionate
2798,Passionate
2838,Passionate
2937,Passionate
2941,Passionate
2964,Passionate
2966,Passionate
2974,Passionate
2984,Passionate
3023,Passionate
3025,Passionate
3094,Passionate
3095,Passionate
3104,Passionate
3167,Passionate
3170,Passionate
3200,Passionate
3208,Passionate
3264,Passionate
3267,Passionate
3271,Passionate
3328,Passionate
3345,Passionate
3349,Passionate
3351,Passionate
3367,Passionate
3391,Passionate
3397,Passionate
3401,Passionate
3405,Passionate
3422,Passionate
3429,Passionate
3437,Passionate
3462,Passionate
3474,Passionate
3488,Passionate
3493,Passionate
3504,Passionate
3506,Passionate
3598,Passionate
3609,Passionate
3701,Passionate
3708,Passionate
3722,Passionate
3762,Passionate
3767,Passionate
3786,Passionate
3788,Passionate
3797,Passionate
3834,Passionate
3842,Passionate
3857,Passionate
3865,Passionate
3969,Passionate
3982,Passionate
4028,Passionate
4030,Passionate
4039,Passionate
4049,Passionate
4073,Passionate
4080,Passionate
4081,Passionate
4107,Passionate
4111,Passionate
4179,Passionate
4187,Passionate
4189,Passionate
4202,Passionate
4203,Passionate
4206,Passionate
4216,Passionate
4227,Passionate
4243,Passionate
4255,Passionate
4273,Passionate
4277,Passionate
4288,Passionate
4312,Passionate
4330,Passionate
4366,Passionate
4372,Passionate
4380,Passionate
4405,Passionate
4452,Passionate
4511,Passionate
4522,Passionate
4535,Passionate
4580,Passionate
4648,Passionate
4663,Passionate
4670,Passionate
4693,Passionate
6,Versatile
26,Versatile
46,Versatile
75,Versatile
99,Versatile
130,Versatile
137,Versatile
140,Versatile
186,Versatile
211,Versatile
229,Versatile
244,Versatile
257,Versatile
263,Versatile
272,Versatile
387,Versatile
388,Versatile
396,Versatile
398,Versatile
401,Versatile
438,Versatile
452,Versatile
455,Versatile
477,Versatile
492,Versatile
497,Versatile
508,Versatile
538,Versatile
579,Versatile
586,Versatile
611,Versatile
616,Versatile
628,Versatile
679,Versatile
682,Versatile
700,Versatile
753,Versatile
763,Versatile
772,Versatile
787,Versatile
830,Versatile
837,Versatile
915,Versatile
923,Versatile
944,Versatile
977,Versatile
990,Versatile
1008,Versatile
1013,Versatile
1029,Versatile
1042,Versatile
1055,Versatile
1083,Versatile
1092,Versatile
1093,Versatile
1104,Versatile
1122,Versatile
1138,Versatile
1155,Versatile
1194,Versatile
1199,Versatile
1206,Versatile
1208,Versatile
1211,Versatile
1222,Versatile
1258,Versatile
1267,Versatile
1291,Versatile
1297,Versatile
1305,Versatile
1333,Versatile
1379,Versatile
1405,Versatile
1424,Versatile
1425,Versatile
1439,Versatile
1443,Versatile
1459,Versatile
1490,Versatile
1501,Versatile
1530,Versatile
1568,Versatile
1592,Versatile
1600,Versatile
1664,Versatile
1689,Versatile
1700,Versatile
1712,Versatile
1720,Versatile
1796,Versatile
1866,Versatile
1894,Versatile
1936,Versatile
1937,Versatile
1949,Versatile
1988,Versatile
1991,Versatile
1994,Versatile
2011,Versatile
2026,Versatile
2035,Versatile
2060,Versatile
2066,Versatile
2079,Versatile
2106,Versatile
2131,Versatile
2137,Versatile
2139,Versatile
2175,Versatile
2176,Versatile
2185,Versatile
2213,Versatile
2222,Versatile
2235,Versatile
2259,Versatile
2298,Versatile
2308,Versatile
2338,Versatile
2346,Versatile
2352,Versatile
2367,Versatile
2370,Versatile
2393,Versatile
2410,Versatile
2411,Versatile
2420,Versatile
2451,Versatile
2470,Versatile
2486,Versatile
2538,Versatile
2551,Versatile
2567,Versatile
2600,Versatile
2605,Versatile
2617,Versatile
2638,Versatile
2642,Versatile
2647,Versatile
2774,Versatile
2801,Versatile
2837,Versatile
2870,Versatile
2872,Versatile
2877,Versatile
2933,Versatile
2944,Versatile
2948,Versatile
2955,Versatile
2970,Versatile
2979,Versatile
3017,Versatile
3049,Versatile
3061,Versatile
3063,Versatile
3085,Versatile
3099,Versatile
3140,Versatile
3163,Versatile
3171,Versatile
3197,Versatile
3201,Versatile
3227,Versatile
3231,Versatile
3282,Versatile
3286,Versatile
3328,Versatile
3354,Versatile
3356,Versatile
3372,Versatile
3377,Versatile
3392,Versatile
3400,Versatile
3429,Versatile
3431,Versatile
3442,Versatile
3466,Versatile
3469,Versatile
3484,Versatile
3517,Versatile
3537,Versatile
3554,Versatile
3581,Versatile
3591,Versatile
3606,Versatile
3622,Versatile
3644,Versatile
3664,Versatile
3670,Versatile
3683,Versatile
3701,Versatile
3737,Versatile
3749,Versatile
3754,Versatile
3770,Versatile
3774,Versatile
3791,Versatile
3796,Versatile
3797,Versatile
3809,Versatile
3816,Versatile
3841,Versatile
3859,Versatile
3864,Versatile
3891,Versatile
3908,Versatile
3921,Versatile
3929,Versatile
3981,Versatile
3995,Versatile
4003,Versatile
4092,Versatile
4094,Versatile
4099,Versatile
4115,Versatile
4120,Versatile
4140,Versatile
4144,Versatile
4149,Versatile
4150,Versatile
4161,Versatile
4166,Versatile
4177,Versatile
4205,Versatile
4237,Versatile
4239,Versatile
4265,Versatile
4295,Versatile
4312,Versatile
4317,Versatile
4324,Versatile
4329,Versatile
4341,Versatile
4353,Versatile
4356,Versatile
4382,Versatile
4399,Versatile
4411,Versatile
4415,Versatile
4444,Versatile
4488,Versatile
4495,Versatile
4501,Versatile
4536,Versatile
4545,Versatile
4547,Versatile
4557,Versatile
4581,Versatile
4602,Versatile
4617,Versatile
4624,Versatile
4645,Versatile
4660,Versatile
4661,Versatile
4685,Versatile
64,Rational
98,Rational
111,Rational
114,Rational
115,Rational
117,Rational
122,Rational
130,Rational
136,Rational
184,Rational
191,Rational
215,Rational
216,Rational
224,Rational
225,Rational
388,Rational
433,Rational
437,Rational
461,Rational
473,Rational
479,Rational
489,Rational
518,Rational
519,Rational
531,Rational
542,Rational
628,Rational
663,Rational
675,Rational
676,Rational
692,Rational
774,Rational
782,Rational
810,Rational
825,Rational
831,Rational
844,Rational
903,Rational
925,Rational
929,Rational
931,Rational
935,Rational
952,Rational
956,Rational
959,Rational
961,Rational
979,Rational
989,Rational
999,Rational
1018,Rational
1040,Rational
1049,Rational
1124,Rational
1138,Rational
1150,Rational
1184,Rational
1208,Rational
1214,Rational
1221,Rational
1262,Rational
1263,Rational
1298,Rational
1310,Rational
1349,Rational
1367,Rational
1370,Rational
1383,Rational
1388,Rational
1411,Rational
1414,Rational
1415,Rational
1427,Rational
1441,Rational
1460,Rational
1479,Rational
1492,Rational
1511,Rational
1519,Rational
1534,Rational
1585,Rational
1650,Rational
1699,Rational
1700,Rational
1713,Rational
1731,Rational
1735,Rational
1761,Rational
1764,Rational
1796,Rational
1830,Rational
1835,Rational
1838,Rational
1847,Rational
1874,Rational
1894,Rational
1928,Rational
1964,Rational
1967,Rational
1984,Rational
2002,Rational
2023,Rational
2030,Rational
2055,Rational
2092,Rational
2102,Rational
2114,Rational
2121,Rational
2165,Rational
2171,Rational
2187,Rational
2195,Rational
2204,Rational
2214,Rational
2231,Rational
2233,Rational
2239,Rational
2266,Rational
2270,Rational
2314,Rational
2330,Rational
2348,Rational
2350,Rational
2363,Rational
2365,Rational
2403,Rational
2411,Rational
2419,Rational
2429,Rational
2452,Rational
2473,Rational
2480,Rational
2524,Rational
2572,Rational
2604,Rational
2646,Rational
2696,Rational
2720,Rational
2727,Rational
2733,Rational
2742,Rational
2777,Rational
2829,Rational
2837,Rational
2842,Rational
2850,Rational
2866,Rational
2878,Rational
2901,Rational
2945,Rational
2954,Rational
2973,Rational
2994,Rational
2999,Rational
3028,Rational
3058,Rational
3059,Rational
3089,Rational
3105,Rational
3121,Rational
3141,Rational
3144,Rational
3161,Rational
3199,Rational
3226,Rational
3238,Rational
3281,Rational
3294,Rational
3375,Rational
3387,Rational
3412,Rational
3444,Rational
3462,Rational
3478,Rational
3504,Rational
3506,Rational
3539,Rational
3548,Rational
3554,Rational
3564,Rational
3597,Rational
3623,Rational
3638,Rational
3667,Rational
3669,Rational
3675,Rational
3699,Rational
3700,Rational
3706,Rational
3707,Rational
3730,Rational
3741,Rational
3749,Rational
3766,Rational
3784,Rational
3797,Rational
3843,Rational
3877,Rational
3897,Rational
3910,Rational
3926,Rational
3943,Rational
3976,Rational
4005,Rational
4010,Rational
4025,Rational
4029,Rational
4065,Rational
4072,Rational
4073,Rational
4088,Rational
4102,Rational
4119,Rational
4153,Rational
4166,Rational
4180,Rational
4192,Rational
4217,Rational
4253,Rational
4281,Rational
4291,Rational
4324,Rational
4334,Rational
4372,Rational
4394,Rational
4400,Rational
4426,Rational
4439,Rational
4455,Rational
4468,Rational
4477,Rational
4478,Rational
4526,Rational
4548,Rational
4550,Rational
4557,Rational
4559,Rational
4603,Rational
4611,Rational
4617,Rational
4630,Rational
4652,Rational
4682,Rational
4695,Rational
16,Collaboration
21,Collaboration
25,Collaboration
85,Collaboration
97,Collaboration
103,Collaboration
120,Collaboration
121,Collaboration
136,Collaboration
137,Collaboration
149,Collaboration
152,Collaboration
175,Collaboration
178,Collaboration
214,Collaboration
237,Collaboration
245,Collaboration
389,Collaboration
429,Collaboration
433,Collaboration
444,Collaboration
460,Collaboration
505,Collaboration
506,Collaboration
559,Collaboration
571,Collaboration
574,Collaboration
576,Collaboration
595,Collaboration
596,Collaboration
608,Collaboration
613,Collaboration
626,Collaboration
629,Collaboration
632,Collaboration
657,Collaboration
671,Collaboration
675,Collaboration
683,Collaboration
725,Collaboration
749,Collaboration
805,Collaboration
812,Collaboration
833,Collaboration
838,Collaboration
848,Collaboration
867,Collaboration
872,Collaboration
875,Collaboration
896,Collaboration
942,Collaboration
944,Collaboration
963,Collaboration
995,Collaboration
1007,Collaboration
1026,Collaboration
1053,Collaboration
1060,Collaboration
1062,Collaboration
1087,Collaboration
1109,Collaboration
1120,Collaboration
1126,Collaboration
1133,Collaboration
1156,Collaboration
1159,Collaboration
1166,Collaboration
1171,Collaboration
1194,Collaboration
1204,Collaboration
1254,Collaboration
1260,Collaboration
1294,Collaboration
1320,Collaboration
1321,Collaboration
1424,Collaboration
1443,Collaboration
1466,Collaboration
1485,Collaboration
1489,Collaboration
1490,Collaboration
1492,Collaboration
1502,Collaboration
1510,Collaboration
1535,Collaboration
1559,Collaboration
1565,Collaboration
1598,Collaboration
1605,Collaboration
1641,Collaboration
1675,Collaboration
1680,Collaboration
1684,Collaboration
1698,Collaboration
1712,Collaboration
1719,Collaboration
1745,Collaboration
1753,Collaboration
1767,Collaboration
1790,Collaboration
1799,Collaboration
1802,Collaboration
1808,Collaboration
1813,Collaboration
1835,Collaboration
1847,Collaboration
1897,Collaboration
1909,Collaboration
1911,Collaboration
1918,Collaboration
1938,Collaboration
1960,Collaboration
1961,Collaboration
1982,Collaboration
2020,Collaboration
2030,Collaboration
2031,Collaboration
2032,Collaboration
2041,Collaboration
2057,Collaboration
2069,Collaboration
2095,Collaboration
2101,Collaboration
2112,Collaboration
2133,Collaboration
2151,Collaboration
2156,Collaboration
2176,Collaboration
2198,Collaboration
2215,Collaboration
2251,Collaboration
2254,Collaboration
2260,Collaboration
2335,Collaboration
2343,Collaboration
2384,Collaboration
2390,Collaboration
2392,Collaboration
2410,Collaboration
2419,Collaboration
2427,Collaboration
2485,Collaboration
2504,Collaboration
2545,Collaboration
2547,Collaboration
2587,Collaboration
2612,Collaboration
2617,Collaboration
2632,Collaboration
2644,Collaboration
2658,Collaboration
2666,Collaboration
2674,Collaboration
2736,Collaboration
2752,Collaboration
2756,Collaboration
2764,Collaboration
2766,Collaboration
2799,Collaboration
2815,Collaboration
2868,Collaboration
2873,Collaboration
2912,Collaboration
2942,Collaboration
2945,Collaboration
2973,Collaboration
2985,Collaboration
3030,Collaboration
3032,Collaboration
3043,Collaboration
3051,Collaboration
3058,Collaboration
3096,Collaboration
3099,Collaboration
3127,Collaboration
3149,Collaboration
3161,Collaboration
3163,Collaboration
3167,Collaboration
3185,Collaboration
3194,Collaboration
3199,Collaboration
3261,Collaboration
3267,Collaboration
3332,Collaboration
3335,Collaboration
3373,Collaboration
3400,Collaboration
3467,Collaboration
3471,Collaboration
3472,Collaboration
3482,Collaboration
3527,Collaboration
3551,Collaboration
3588,Collaboration
3598,Collaboration
3608,Collaboration
3614,Collaboration
3625,Collaboration
3650,Collaboration
3664,Collaboration
3671,Collaboration
3679,Collaboration
3757,Collaboration
3761,Collaboration
3775,Collaboration
3803,Collaboration
3828,Collaboration
3830,Collaboration
3847,Collaboration
3880,Collaboration
3895,Collaboration
3901,Collaboration
3902,Collaboration
3903,Collaboration
3906,Collaboration
3957,Collaboration
3985,Collaboration
3987,Collaboration
3988,Collaboration
4001,Collaboration
4004,Collaboration
4024,Collaboration
4111,Collaboration
4118,Collaboration
4151,Collaboration
4194,Collaboration
4197,Collaboration
4247,Collaboration
4273,Collaboration
4288,Collaboration
4293,Collaboration
4321,Collaboration
4333,Collaboration
4354,Collaboration
4359,Collaboration
4362,Collaboration
4367,Collaboration
4388,Collaboration
4391,Collaboration
4468,Collaboration
4494,Collaboration
4495,Collaboration
4501,Collaboration
4509,Collaboration
4510,Collaboration
4520,Collaboration
4521,Collaboration
4549,Collaboration
4569,Collaboration
4575,Collaboration
4617,Collaboration
4618,Collaboration
4629,Collaboration
4653,Collaboration
4695,Collaboration
16,Ambitious
23,Ambitious
55,Ambitious
68,Ambitious
89,Ambitious
160,Ambitious
161,Ambitious
218,Ambitious
262,Ambitious
274,Ambitious
390,Ambitious
397,Ambitious
398,Ambitious
431,Ambitious
439,Ambitious
455,Ambitious
467,Ambitious
490,Ambitious
503,Ambitious
534,Ambitious
539,Ambitious
600,Ambitious
607,Ambitious
656,Ambitious
669,Ambitious
672,Ambitious
677,Ambitious
712,Ambitious
722,Ambitious
734,Ambitious
735,Ambitious
744,Ambitious
804,Ambitious
805,Ambitious
819,Ambitious
849,Ambitious
885,Ambitious
894,Ambitious
897,Ambitious
915,Ambitious
918,Ambitious
935,Ambitious
952,Ambitious
954,Ambitious
995,Ambitious
996,Ambitious
997,Ambitious
999,Ambitious
1022,Ambitious
1050,Ambitious
1051,Ambitious
1081,Ambitious
1128,Ambitious
1141,Ambitious
1146,Ambitious
1160,Ambitious
1161,Ambitious
1169,Ambitious
1198,Ambitious
1200,Ambitious
1204,Ambitious
1240,Ambitious
1244,Ambitious
1269,Ambitious
1273,Ambitious
1281,Ambitious
1286,Ambitious
1288,Ambitious
1305,Ambitious
1313,Ambitious
1321,Ambitious
1332,Ambitious
1346,Ambitious
1353,Ambitious
1381,Ambitious
1386,Ambitious
1398,Ambitious
1425,Ambitious
1432,Ambitious
1439,Ambitious
1455,Ambitious
1463,Ambitious
1464,Ambitious
1480,Ambitious
1509,Ambitious
1510,Ambitious
1512,Ambitious
1518,Ambitious
1534,Ambitious
1536,Ambitious
1567,Ambitious
1598,Ambitious
1603,Ambitious
1627,Ambitious
1631,Ambitious
1642,Ambitious
1659,Ambitious
1704,Ambitious
1705,Ambitious
1708,Ambitious
1724,Ambitious
1741,Ambitious
1747,Ambitious
1765,Ambitious
1770,Ambitious
1771,Ambitious
1783,Ambitious
1839,Ambitious
1840,Ambitious
1876,Ambitious
1883,Ambitious
1884,Ambitious
1923,Ambitious
1949,Ambitious
1958,Ambitious
1959,Ambitious
2020,Ambitious
2061,Ambitious
2112,Ambitious
2178,Ambitious
2193,Ambitious
2198,Ambitious
2213,Ambitious
2244,Ambitious
2258,Ambitious
2262,Ambitious
2263,Ambitious
2278,Ambitious
2280,Ambitious
2291,Ambitious
2310,Ambitious
2329,Ambitious
2346,Ambitious
2350,Ambitious
2367,Ambitious
2374,Ambitious
2375,Ambitious
2426,Ambitious
2436,Ambitious
2459,Ambitious
2464,Ambitious
2468,Ambitious
2515,Ambitious
2518,Ambitious
2528,Ambitious
2532,Ambitious
2585,Ambitious
2613,Ambitious
2614,Ambitious
2666,Ambitious
2686,Ambitious
2705,Ambitious
2706,Ambitious
2729,Ambitious
2734,Ambitious
2777,Ambitious
2804,Ambitious
2807,Ambitious
2814,Ambitious
2820,Ambitious
2843,Ambitious
2852,Ambitious
2900,Ambitious
2937,Ambitious
2955,Ambitious
2963,Ambitious
2964,Ambitious
2970,Ambitious
3013,Ambitious
3041,Ambitious
3052,Ambitious
3073,Ambitious
3075,Ambitious
3088,Ambitious
3095,Ambitious
3096,Ambitious
3100,Ambitious
3103,Ambitious
3128,Ambitious
3195,Ambitious
3208,Ambitious
3225,Ambitious
3258,Ambitious
3281,Ambitious
3303,Ambitious
3319,Ambitious
3334,Ambitious
3364,Ambitious
3378,Ambitious
3406,Ambitious
3407,Ambitious
3411,Ambitious
3452,Ambitious
3453,Ambitious
3464,Ambitious
3476,Ambitious
3495,Ambitious
3566,Ambitious
3582,Ambitious
3613,Ambitious
3629,Ambitious
3635,Ambitious
3655,Ambitious
3696,Ambitious
3700,Ambitious
3724,Ambitious
3748,Ambitious
3751,Ambitious
3777,Ambitious
3782,Ambitious
3786,Ambitious
3911,Ambitious
3943,Ambitious
3982,Ambitious
3991,Ambitious
3997,Ambitious
4006,Ambitious
4026,Ambitious
4028,Ambitious
4039,Ambitious
4043,Ambitious
4044,Ambitious
4070,Ambitious
4079,Ambitious
4088,Ambitious
4096,Ambitious
4102,Ambitious
4106,Ambitious
4121,Ambitious
4153,Ambitious
4171,Ambitious
4189,Ambitious
4190,Ambitious
4246,Ambitious
4278,Ambitious
4302,Ambitious
4306,Ambitious
4319,Ambitious
4340,Ambitious
4356,Ambitious
4369,Ambitious
4376,Ambitious
4404,Ambitious
4406,Ambitious
4407,Ambitious
4484,Ambitious
4491,Ambitious
4510,Ambitious
4524,Ambitious
4549,Ambitious
4578,Ambitious
4581,Ambitious
4585,Ambitious
4602,Ambitious
4634,Ambitious
4645,Ambitious
4661,Ambitious
2,Reliable
18,Reliable
22,Reliable
57,Reliable
76,Reliable
115,Reliable
117,Reliable
118,Reliable
135,Reliable
136,Reliable
141,Reliable
193,Reliable
213,Reliable
219,Reliable
235,Reliable
240,Reliable
244,Reliable
266,Reliable
391,Reliable
421,Reliable
426,Reliable
430,Reliable
441,Reliable
457,Reliable
482,Reliable
531,Reliable
539,Reliable
575,Reliable
582,Reliable
635,Reliable
646,Reliable
748,Reliable
796,Reliable
808,Reliable
815,Reliable
821,Reliable
844,Reliable
861,Reliable
874,Reliable
891,Reliable
927,Reliable
947,Reliable
955,Reliable
958,Reliable
961,Reliable
990,Reliable
1006,Reliable
1020,Reliable
1024,Reliable
1048,Reliable
1083,Reliable
1087,Reliable
1104,Reliable
1112,Reliable
1166,Reliable
1167,Reliable
1181,Reliable
1186,Reliable
1218,Reliable
1230,Reliable
1232,Reliable
1234,Reliable
1258,Reliable
1261,Reliable
1264,Reliable
1289,Reliable
1296,Reliable
1302,Reliable
1319,Reliable
1370,Reliable
1391,Reliable
1412,Reliable
1421,Reliable
1427,Reliable
1485,Reliable
1488,Reliable
1491,Reliable
1501,Reliable
1516,Reliable
1544,Reliable
1557,Reliable
1566,Reliable
1601,Reliable
1612,Reliable
1613,Reliable
1645,Reliable
1650,Reliable
1657,Reliable
1658,Reliable
1682,Reliable
1707,Reliable
1729,Reliable
1756,Reliable
1763,Reliable
1788,Reliable
1809,Reliable
1855,Reliable
1870,Reliable
1957,Reliable
2022,Reliable
2040,Reliable
2055,Reliable
2060,Reliable
2063,Reliable
2078,Reliable
2082,Reliable
2110,Reliable
2130,Reliable
2139,Reliable
2157,Reliable
2158,Reliable
2204,Reliable
2238,Reliable
2244,Reliable
2255,Reliable
2258,Reliable
2264,Reliable
2266,Reliable
2345,Reliable
2348,Reliable
2360,Reliable
2363,Reliable
2374,Reliable
2386,Reliable
2403,Reliable
2415,Reliable
2439,Reliable
2451,Reliable
2457,Reliable
2511,Reliable
2524,Reliable
2532,Reliable
2534,Reliable
2536,Reliable
2557,Reliable
2588,Reliable
2627,Reliable
2629,Reliable
2631,Reliable
2696,Reliable
2698,Reliable
2703,Reliable
2723,Reliable
2740,Reliable
2742,Reliable
2755,Reliable
2784,Reliable
2786,Reliable
2927,Reliable
2949,Reliable
2962,Reliable
2996,Reliable
3016,Reliable
3030,Reliable
3031,Reliable
3047,Reliable
3059,Reliable
3081,Reliable
3120,Reliable
3130,Reliable
3190,Reliable
3200,Reliable
3224,Reliable
3225,Reliable
3258,Reliable
3279,Reliable
3284,Reliable
3308,Reliable
3342,Reliable
3378,Reliable
3420,Reliable
3421,Reliable
3436,Reliable
3457,Reliable
3471,Reliable
3473,Reliable
3544,Reliable
3565,Reliable
3631,Reliable
3666,Reliable
3681,Reliable
3721,Reliable
3749,Reliable
3754,Reliable
3759,Reliable
3778,Reliable
3795,Reliable
3809,Reliable
3811,Reliable
3820,Reliable
3825,Reliable
3850,Reliable
3926,Reliable
3984,Reliable
4004,Reliable
4033,Reliable
4034,Reliable
4037,Reliable
4045,Reliable
4055,Reliable
4070,Reliable
4082,Reliable
4087,Reliable
4128,Reliable
4143,Reliable
4147,Reliable
4164,Reliable
4186,Reliable
4192,Reliable
4198,Reliable
4308,Reliable
4318,Reliable
4394,Reliable
4407,Reliable
4408,Reliable
4427,Reliable
4428,Reliable
4444,Reliable
4454,Reliable
4455,Reliable
4457,Reliable
4471,Reliable
4490,Reliable
4511,Reliable
4523,Reliable
4540,Reliable
4559,Reliable
4564,Reliable
4575,Reliable
4576,Reliable
4644,Reliable
4652,Reliable
4667,Reliable
4669,Reliable
4671,Reliable
4680,Reliable
4694,Reliable
20,Altruism
24,Altruism
34,Altruism
35,Altruism
47,Altruism
64,Altruism
92,Altruism
97,Altruism
121,Altruism
147,Altruism
150,Altruism
167,Altruism
185,Altruism
200,Altruism
213,Altruism
214,Altruism
216,Altruism
223,Altruism
246,Altruism
393,Altruism
405,Altruism
472,Altruism
482,Altruism
495,Altruism
505,Altruism
514,Altruism
516,Altruism
524,Altruism
532,Altruism
550,Altruism
574,Altruism
576,Altruism
587,Altruism
591,Altruism
596,Altruism
600,Altruism
609,Altruism
611,Altruism
614,Altruism
622,Altruism
673,Altruism
675,Altruism
704,Altruism
738,Altruism
745,Altruism
756,Altruism
758,Altruism
764,Altruism
798,Altruism
800,Altruism
809,Altruism
839,Altruism
860,Altruism
889,Altruism
902,Altruism
903,Altruism
925,Altruism
939,Altruism
977,Altruism
983,Altruism
987,Altruism
1000,Altruism
1006,Altruism
1031,Altruism
1043,Altruism
1055,Altruism
1062,Altruism
1070,Altruism
1086,Altruism
1089,Altruism
1097,Altruism
1158,Altruism
1163,Altruism
1171,Altruism
1172,Altruism
1188,Altruism
1197,Altruism
1212,Altruism
1279,Altruism
1286,Altruism
1315,Altruism
1334,Altruism
1342,Altruism
1407,Altruism
1444,Altruism
1498,Altruism
1500,Altruism
1541,Altruism
1575,Altruism
1622,Altruism
1630,Altruism
1674,Altruism
1676,Altruism
1696,Altruism
1740,Altruism
1742,Altruism
1769,Altruism
1783,Altruism
1793,Altruism
1795,Altruism
1799,Altruism
1812,Altruism
1841,Altruism
1848,Altruism
1851,Altruism
1858,Altruism
1859,Altruism
1897,Altruism
1902,Altruism
1905,Altruism
1918,Altruism
1931,Altruism
1940,Altruism
1952,Altruism
1961,Altruism
1962,Altruism
2036,Altruism
2038,Altruism
2039,Altruism
2073,Altruism
2077,Altruism
2092,Altruism
2098,Altruism
2102,Altruism
2131,Altruism
2154,Altruism
2168,Altruism
2207,Altruism
2217,Altruism
2228,Altruism
2244,Altruism
2247,Altruism
2257,Altruism
2268,Altruism
2273,Altruism
2283,Altruism
2309,Altruism
2328,Altruism
2391,Altruism
2396,Altruism
2397,Altruism
2481,Altruism
2482,Altruism
2521,Altruism
2544,Altruism
2555,Altruism
2603,Altruism
2607,Altruism
2642,Altruism
2651,Altruism
2705,Altruism
2713,Altruism
2721,Altruism
2764,Altruism
2784,Altruism
2787,Altruism
2805,Altruism
2806,Altruism
2814,Altruism
2835,Altruism
2843,Altruism
2851,Altruism
2861,Altruism
2871,Altruism
2875,Altruism
2885,Altruism
2889,Altruism
2898,Altruism
2932,Altruism
2936,Altruism
2939,Altruism
2949,Altruism
2974,Altruism
3017,Altruism
3051,Altruism
3073,Altruism
3092,Altruism
3094,Altruism
3117,Altruism
3156,Altruism
3177,Altruism
3183,Altruism
3193,Altruism
3194,Altruism
3246,Altruism
3286,Altruism
3331,Altruism
3366,Altruism
3390,Altruism
3415,Altruism
3447,Altruism
3489,Altruism
3504,Altruism
3511,Altruism
3523,Altruism
3534,Altruism
3536,Altruism
3537,Altruism
3551,Altruism
3583,Altruism
3623,Altruism
3689,Altruism
3707,Altruism
3713,Altruism
3759,Altruism
3781,Altruism
3785,Altruism
3803,Altruism
3825,Altruism
3853,Altruism
3871,Altruism
3898,Altruism
3921,Altruism
3923,Altruism
3932,Altruism
3933,Altruism
3952,Altruism
3981,Altruism
4005,Altruism
4067,Altruism
4073,Altruism
4084,Altruism
4094,Altruism
4109,Altruism
4121,Altruism
4145,Altruism
4151,Altruism
4171,Altruism
4196,Altruism
4206,Altruism
4225,Altruism
4239,Altruism
4271,Altruism
4324,Altruism
4341,Altruism
4349,Altruism
4380,Altruism
4402,Altruism
4426,Altruism
4440,Altruism
4452,Altruism
4507,Altruism
4514,Altruism
4559,Altruism
4561,Altruism
4567,Altruism
4578,Altruism
4587,Altruism
4591,Altruism
4593,Altruism
4639,Altruism
4668,Altruism
39,Empathy
48,Empathy
57,Empathy
102,Empathy
111,Empathy
114,Empathy
120,Empathy
146,Empathy
161,Empathy
164,Empathy
226,Empathy
230,Empathy
238,Empathy
274,Empathy
393,Empathy
412,Empathy
425,Empathy
427,Empathy
464,Empathy
472,Empathy
486,Empathy
523,Empathy
562,Empathy
567,Empathy
573,Empathy
581,Empathy
596,Empathy
624,Empathy
627,Empathy
631,Empathy
672,Empathy
681,Empathy
693,Empathy
732,Empathy
762,Empathy
787,Empathy
802,Empathy
837,Empathy
847,Empathy
896,Empathy
906,Empathy
922,Empathy
973,Empathy
983,Empathy
1022,Empathy
1047,Empathy
1052,Empathy
1070,Empathy
1082,Empathy
1087,Empathy
1123,Empathy
1134,Empathy
1141,Empathy
1160,Empathy
1213,Empathy
1229,Empathy
1280,Empathy
1289,Empathy
1294,Empathy
1295,Empathy
1322,Empathy
1326,Empathy
1327,Empathy
1352,Empathy
1373,Empathy
1392,Empathy
1410,Empathy
1430,Empathy
1465,Empathy
1486,Empathy
1489,Empathy
1580,Empathy
1595,Empathy
1612,Empathy
1636,Empathy
1639,Empathy
1695,Empathy
1715,Empathy
1742,Empathy
1743,Empathy
1750,Empathy
1764,Empathy
1790,Empathy
1792,Empathy
1812,Empathy
1856,Empathy
1865,Empathy
1892,Empathy
1902,Empathy
1935,Empathy
1938,Empathy
1998,Empathy
2042,Empathy
2047,Empathy
2063,Empathy
2064,Empathy
2086,Empathy
2096,Empathy
2103,Empathy
2151,Empathy
2222,Empathy
2283,Empathy
2296,Empathy
2340,Empathy
2363,Empathy
2377,Empathy
2421,Empathy
2425,Empathy
2447,Empathy
2474,Empathy
2480,Empathy
2513,Empathy
2523,Empathy
2525,Empathy
2540,Empathy
2548,Empathy
2590,Empathy
2592,Empathy
2598,Empathy
2599,Empathy
2643,Empathy
2672,Empathy
2677,Empathy
2698,Empathy
2714,Empathy
2733,Empathy
2737,Empathy
2773,Empathy
2775,Empathy
2794,Empathy
2825,Empathy
2844,Empathy
2847,Empathy
2857,Empathy
2865,Empathy
2884,Empathy
2951,Empathy
2975,Empathy
3016,Empathy
3025,Empathy
3029,Empathy
3051,Empathy
3052,Empathy
3055,Empathy
3080,Empathy
3111,Empathy
3113,Empathy
3165,Empathy
3232,Empathy
3279,Empathy
3285,Empathy
3304,Empathy
3335,Empathy
3341,Empathy
3357,Empathy
3384,Empathy
3387,Empathy
3401,Empathy
3404,Empathy
3409,Empathy
3424,Empathy
3447,Empathy
3474,Empathy
3498,Empathy
3502,Empathy
3554,Empathy
3601,Empathy
3635,Empathy
3640,Empathy
3664,Empathy
3665,Empathy
3681,Empathy
3696,Empathy
3699,Empathy
3703,Empathy
3738,Empathy
3750,Empathy
3778,Empathy
3804,Empathy
3829,Empathy
3847,Empathy
3863,Empathy
3866,Empathy
3960,Empathy
4001,Empathy
4016,Empathy
4024,Empathy
4069,Empathy
4079,Empathy
4092,Empathy
4093,Empathy
4097,Empathy
4125,Empathy
4141,Empathy
4156,Empathy
4162,Empathy
4167,Empathy
4171,Empathy
4190,Empathy
4205,Empathy
4206,Empathy
4211,Empathy
4213,Empathy
4234,Empathy
4262,Empathy
4265,Empathy
4278,Empathy
4287,Empathy
4298,Empathy
4360,Empathy
4368,Empathy
4398,Empathy
4404,Empathy
4438,Empathy
4444,Empathy
4469,Empathy
4476,Empathy
4477,Empathy
4494,Empathy
4499,Empathy
4503,Empathy
4514,Empathy
4522,Empathy
4537,Empathy
4592,Empathy
4623,Empathy
4627,Empathy
4668,Empathy
4693,Empathy
53,Listening
71,Listening
116,Listening
142,Listening
178,Listening
185,Listening
236,Listening
238,Listening
249,Listening
252,Listening
260,Listening
394,Listening
460,Listening
509,Listening
521,Listening
529,Listening
533,Listening
534,Listening
545,Listening
549,Listening
609,Listening
633,Listening
640,Listening
650,Listening
707,Listening
708,Listening
713,Listening
740,Listening
750,Listening
751,Listening
781,Listening
784,Listening
803,Listening
809,Listening
810,Listening
815,Listening
821,Listening
834,Listening
856,Listening
875,Listening
881,Listening
907,Listening
934,Listening
947,Listening
979,Listening
980,Listening
993,Listening
997,Listening
1036,Listening
1129,Listening
1130,Listening
1193,Listening
1236,Listening
1253,Listening
1287,Listening
1307,Listening
1317,Listening
1338,Listening
1351,Listening
1373,Listening
1392,Listening
1427,Listening
1472,Listening
1475,Listening
1477,Listening
1532,Listening
1536,Listening
1543,Listening
1559,Listening
1579,Listening
1585,Listening
1604,Listening
1619,Listening
1626,Listening
1648,Listening
1655,Listening
1660,Listening
1680,Listening
1689,Listening
1725,Listening
1729,Listening
1731,Listening
1805,Listening
1840,Listening
1846,Listening
1850,Listening
1858,Listening
1900,Listening
1906,Listening
1927,Listening
1941,Listening
1950,Listening
1972,Listening
1982,Listening
2002,Listening
2009,Listening
2022,Listening
2042,Listening
2045,Listening
2048,Listening
2075,Listening
2089,Listening
2098,Listening
2103,Listening
2111,Listening
2120,Listening
2137,Listening
2185,Listening
2189,Listening
2214,Listening
2220,Listening
2279,Listening
2281,Listening
2328,Listening
2329,Listening
2336,Listening
2384,Listening
2395,Listening
2396,Listening
2400,Listening
2423,Listening
2482,Listening
2495,Listening
2498,Listening
2513,Listening
2522,Listening
2537,Listening
2586,Listening
2611,Listening
2621,Listening
2640,Listening
2664,Listening
2686,Listening
2690,Listening
2699,Listening
2710,Listening
2714,Listening
2723,Listening
2733,Listening
2773,Listening
2781,Listening
2783,Listening
2790,Listening
2802,Listening
2808,Listening
2896,Listening
2899,Listening
2910,Listening
2920,Listening
2934,Listening
2957,Listening
2962,Listening
2984,Listening
2985,Listening
2994,Listening
3002,Listening
3005,Listening
3013,Listening
3019,Listening
3022,Listening
3040,Listening
3064,Listening
3078,Listening
3085,Listening
3099,Listening
3177,Listening
3200,Listening
3222,Listening
3268,Listening
3301,Listening
3311,Listening
3371,Listening
3387,Listening
3404,Listening
3405,Listening
3422,Listening
3459,Listening
3461,Listening
3480,Listening
3491,Listening
3497,Listening
3523,Listening
3547,Listening
3548,Listening
3563,Listening
3591,Listening
3614,Listening
3650,Listening
3748,Listening
3753,Listening
3774,Listening
3820,Listening
3822,Listening
3839,Listening
3855,Listening
3886,Listening
3903,Listening
3912,Listening
3920,Listening
3954,Listening
3958,Listening
3964,Listening
3975,Listening
3977,Listening
3982,Listening
3991,Listening
3994,Listening
4020,Listening
4104,Listening
4110,Listening
4126,Listening
4128,Listening
4140,Listening
4143,Listening
4193,Listening
4196,Listening
4205,Listening
4207,Listening
4210,Listening
4230,Listening
4245,Listening
4265,Listening
4300,Listening
4310,Listening
4353,Listening
4376,Listening
4387,Listening
4403,Listening
4408,Listening
4430,Listening
4460,Listening
4475,Listening
4487,Listening
4495,Listening
4513,Listening
4529,Listening
4588,Listening
4597,Listening
4627,Listening
4649,Listening
4653,Listening
4667,Listening
4678,Listening
3,Organisation
9,Organisation
61,Organisation
66,Organisation
132,Organisation
164,Organisation
189,Organisation
191,Organisation
271,Organisation
396,Organisation
473,Organisation
487,Organisation
488,Organisation
501,Organisation
518,Organisation
521,Organisation
580,Organisation
581,Organisation
616,Organisation
637,Organisation
640,Organisation
656,Organisation
657,Organisation
669,Organisation
673,Organisation
686,Organisation
732,Organisation
748,Organisation
771,Organisation
775,Organisation
810,Organisation
828,Organisation
840,Organisation
845,Organisation
862,Organisation
885,Organisation
887,Organisation
894,Organisation
928,Organisation
935,Organisation
940,Organisation
997,Organisation
1015,Organisation
1029,Organisation
1064,Organisation
1080,Organisation
1092,Organisation
1093,Organisation
1110,Organisation
1118,Organisation
1127,Organisation
1134,Organisation
1169,Organisation
1182,Organisation
1184,Organisation
1190,Organisation
1195,Organisation
1245,Organisation
1262,Organisation
1298,Organisation
1332,Organisation
1367,Organisation
1376,Organisation
1412,Organisation
1424,Organisation
1425,Organisation
1426,Organisation
1435,Organisation
1455,Organisation
1467,Organisation
1472,Organisation
1478,Organisation
1485,Organisation
1509,Organisation
1511,Organisation
1533,Organisation
1569,Organisation
1597,Organisation
1620,Organisation
1650,Organisation
1652,Organisation
1654,Organisation
1687,Organisation
1692,Organisation
1696,Organisation
1704,Organisation
1720,Organisation
1728,Organisation
1739,Organisation
1790,Organisation
1826,Organisation
1839,Organisation
1840,Organisation
1857,Organisation
1865,Organisation
1895,Organisation
1897,Organisation
1930,Organisation
1961,Organisation
1968,Organisation
1980,Organisation
1992,Organisation
2020,Organisation
2023,Organisation
2026,Organisation
2029,Organisation
2041,Organisation
2045,Organisation
2051,Organisation
2064,Organisation
2079,Organisation
2086,Organisation
2100,Organisation
2130,Organisation
2145,Organisation
2182,Organisation
2186,Organisation
2188,Organisation
2222,Organisation
2224,Organisation
2284,Organisation
2301,Organisation
2309,Organisation
2322,Organisation
2325,Organisation
2327,Organisation
2357,Organisation
2379,Organisation
2390,Organisation
2393,Organisation
2409,Organisation
2434,Organisation
2435,Organisation
2439,Organisation
2464,Organisation
2465,Organisation
2472,Organisation
2488,Organisation
2534,Organisation
2570,Organisation
2571,Organisation
2579,Organisation
2587,Organisation
2631,Organisation
2703,Organisation
2716,Organisation
2724,Organisation
2731,Organisation
2734,Organisation
2740,Organisation
2756,Organisation
2791,Organisation
2802,Organisation
2837,Organisation
2933,Organisation
2957,Organisation
2962,Organisation
2986,Organisation
2994,Organisation
2995,Organisation
3002,Organisation
3041,Organisation
3047,Organisation
3071,Organisation
3116,Organisation
3130,Organisation
3227,Organisation
3236,Organisation
3262,Organisation
3266,Organisation
3279,Organisation
3299,Organisation
3304,Organisation
3309,Organisation
3314,Organisation
3328,Organisation
3342,Organisation
3358,Organisation
3375,Organisation
3385,Organisation
3437,Organisation
3449,Organisation
3460,Organisation
3474,Organisation
3478,Organisation
3583,Organisation
3594,Organisation
3625,Organisation
3638,Organisation
3640,Organisation
3660,Organisation
3693,Organisation
3745,Organisation
3756,Organisation
3761,Organisation
3787,Organisation
3799,Organisation
3816,Organisation
3819,Organisation
3850,Organisation
3871,Organisation
3875,Organisation
3909,Organisation
3941,Organisation
3988,Organisation
4002,Organisation
4025,Organisation
4029,Organisation
4031,Organisation
4054,Organisation
4055,Organisation
4097,Organisation
4110,Organisation
4164,Organisation
4179,Organisation
4277,Organisation
4303,Organisation
4304,Organisation
4370,Organisation
4389,Organisation
4393,Organisation
4418,Organisation
4434,Organisation
4448,Organisation
4483,Organisation
4487,Organisation
4496,Organisation
4500,Organisation
4508,Organisation
4518,Organisation
4523,Organisation
4546,Organisation
4573,Organisation
4612,Organisation
4619,Organisation
4622,Organisation
4624,Organisation
4625,Organisation
4654,Organisation
4659,Organisation
4661,Organisation
4671,Organisation
3,Consistent
14,Consistent
24,Consistent
42,Consistent
67,Consistent
71,Consistent
82,Consistent
133,Consistent
144,Consistent
149,Consistent
176,Consistent
197,Consistent
202,Consistent
213,Consistent
269,Consistent
397,Consistent
444,Consistent
452,Consistent
469,Consistent
473,Consistent
478,Consistent
511,Consistent
553,Consistent
559,Consistent
571,Consistent
577,Consistent
602,Consistent
606,Consistent
632,Consistent
639,Consistent
640,Consistent
646,Consistent
652,Consistent
659,Consistent
661,Consistent
680,Consistent
756,Consistent
764,Consistent
775,Consistent
777,Consistent
831,Consistent
836,Consistent
837,Consistent
839,Consistent
887,Consistent
923,Consistent
928,Consistent
937,Consistent
942,Consistent
947,Consistent
1000,Consistent
1001,Consistent
1020,Consistent
1032,Consistent
1080,Consistent
1093,Consistent
1098,Consistent
1105,Consistent
1110,Consistent
1113,Consistent
1129,Consistent
1139,Consistent
1144,Consistent
1149,Consistent
1158,Consistent
1199,Consistent
1201,Consistent
1218,Consistent
1266,Consistent
1296,Consistent
1327,Consistent
1333,Consistent
1342,Consistent
1359,Consistent
1367,Consistent
1368,Consistent
1404,Consistent
1408,Consistent
1414,Consistent
1432,Consistent
1533,Consistent
1580,Consistent
1603,Consistent
1620,Consistent
1631,Consistent
1655,Consistent
1674,Consistent
1677,Consistent
1685,Consistent
1687,Consistent
1699,Consistent
1719,Consistent
1736,Consistent
1778,Consistent
1783,Consistent
1791,Consistent
1795,Consistent
1798,Consistent
1856,Consistent
1880,Consistent
1909,Consistent
1933,Consistent
1966,Consistent
1999,Consistent
2024,Consistent
2029,Consistent
2046,Consistent
2051,Consistent
2072,Consistent
2078,Consistent
2100,Consistent
2139,Consistent
2158,Consistent
2160,Consistent
2168,Consistent
2181,Consistent
2212,Consistent
2217,Consistent
2219,Consistent
2236,Consistent
2249,Consistent
2255,Consistent
2263,Consistent
2274,Consistent
2342,Consistent
2350,Consistent
2361,Consistent
2366,Consistent
2377,Consistent
2389,Consistent
2434,Consistent
2449,Consistent
2464,Consistent
2473,Consistent
2484,Consistent
2492,Consistent
2515,Consistent
2530,Consistent
2550,Consistent
2608,Consistent
2618,Consistent
2621,Consistent
2633,Consistent
2649,Consistent
2673,Consistent
2715,Consistent
2729,Consistent
2745,Consistent
2776,Consistent
2781,Consistent
2868,Consistent
2896,Consistent
2914,Consistent
2927,Consistent
2936,Consistent
3024,Consistent
3048,Consistent
3064,Consistent
3073,Consistent
3084,Consistent
3087,Consistent
3125,Consistent
3149,Consistent
3158,Consistent
3172,Consistent
3205,Consistent
3226,Consistent
3257,Consistent
3261,Consistent
3269,Consistent
3274,Consistent
3294,Consistent
3331,Consistent
3370,Consistent
3378,Consistent
3383,Consistent
3384,Consistent
3394,Consistent
3407,Consistent
3423,Consistent
3431,Consistent
3472,Consistent
3552,Consistent
3584,Consistent
3586,Consistent
3642,Consistent
3644,Consistent
3665,Consistent
3689,Consistent
3717,Consistent
3746,Consistent
3766,Consistent
3767,Consistent
3769,Consistent
3770,Consistent
3784,Consistent
3789,Consistent
3796,Consistent
3799,Consistent
3819,Consistent
3828,Consistent
3830,Consistent
3859,Consistent
3877,Consistent
3880,Consistent
3898,Consistent
3908,Consistent
3950,Consistent
3964,Consistent
3996,Consistent
4082,Consistent
4133,Consistent
4161,Consistent
4167,Consistent
4237,Consistent
4240,Consistent
4251,Consistent
4266,Consistent
4271,Consistent
4291,Consistent
4302,Consistent
4319,Consistent
4365,Consistent
4400,Consistent
4405,Consistent
4421,Consistent
4427,Consistent
4465,Consistent
4528,Consistent
4579,Consistent
4601,Consistent
4612,Consistent
4614,Consistent
4618,Consistent
28,Efficient
29,Efficient
55,Efficient
56,Efficient
106,Efficient
115,Efficient
127,Efficient
155,Efficient
214,Efficient
252,Efficient
403,Efficient
408,Efficient
416,Efficient
427,Efficient
440,Efficient
481,Efficient
484,Efficient
529,Efficient
547,Efficient
554,Efficient
564,Efficient
587,Efficient
594,Efficient
598,Efficient
601,Efficient
602,Efficient
624,Efficient
647,Efficient
657,Efficient
658,Efficient
663,Efficient
687,Efficient
743,Efficient
788,Efficient
821,Efficient
872,Efficient
879,Efficient
913,Efficient
949,Efficient
962,Efficient
1064,Efficient
1106,Efficient
1133,Efficient
1135,Efficient
1158,Efficient
1166,Efficient
1232,Efficient
1246,Efficient
1249,Efficient
1265,Efficient
1292,Efficient
1301,Efficient
1330,Efficient
1338,Efficient
1364,Efficient
1410,Efficient
1415,Efficient
1429,Efficient
1430,Efficient
1431,Efficient
1435,Efficient
1451,Efficient
1473,Efficient
1477,Efficient
1483,Efficient
1488,Efficient
1496,Efficient
1509,Efficient
1520,Efficient
1542,Efficient
1557,Efficient
1565,Efficient
1569,Efficient
1574,Efficient
1577,Efficient
1592,Efficient
1596,Efficient
1613,Efficient
1617,Efficient
1645,Efficient
1648,Efficient
1657,Efficient
1661,Efficient
1700,Efficient
1718,Efficient
1736,Efficient
1738,Efficient
1808,Efficient
1811,Efficient
1819,Efficient
1821,Efficient
1826,Efficient
1848,Efficient
1883,Efficient
1892,Efficient
1914,Efficient
1936,Efficient
1969,Efficient
1970,Efficient
1983,Efficient
2037,Efficient
2042,Efficient
2046,Efficient
2080,Efficient
2102,Efficient
2109,Efficient
2156,Efficient
2182,Efficient
2209,Efficient
2213,Efficient
2232,Efficient
2238,Efficient
2245,Efficient
2304,Efficient
2306,Efficient
2323,Efficient
2463,Efficient
2498,Efficient
2526,Efficient
2548,Efficient
2555,Efficient
2571,Efficient
2635,Efficient
2638,Efficient
2650,Efficient
2686,Efficient
2713,Efficient
2722,Efficient
2735,Efficient
2770,Efficient
2794,Efficient
2805,Efficient
2824,Efficient
2835,Efficient
2860,Efficient
2865,Efficient
2876,Efficient
2880,Efficient
2912,Efficient
2933,Efficient
2937,Efficient
2967,Efficient
2992,Efficient
3036,Efficient
3076,Efficient
3107,Efficient
3134,Efficient
3140,Efficient
3228,Efficient
3264,Efficient
3306,Efficient
3351,Efficient
3364,Efficient
3381,Efficient
3464,Efficient
3469,Efficient
3482,Efficient
3484,Efficient
3509,Efficient
3510,Efficient
3530,Efficient
3537,Efficient
3553,Efficient
3569,Efficient
3594,Efficient
3667,Efficient
3670,Efficient
3671,Efficient
3673,Efficient
3684,Efficient
3703,Efficient
3709,Efficient
3711,Efficient
3719,Efficient
3751,Efficient
3753,Efficient
3757,Efficient
3758,Efficient
3769,Efficient
3777,Efficient
3778,Efficient
3811,Efficient
3820,Efficient
3849,Efficient
3854,Efficient
3857,Efficient
3884,Efficient
3887,Efficient
3897,Efficient
3909,Efficient
3937,Efficient
3940,Efficient
3973,Efficient
4021,Efficient
4037,Efficient
4044,Efficient
4046,Efficient
4047,Efficient
4058,Efficient
4109,Efficient
4119,Efficient
4182,Efficient
4198,Efficient
4200,Efficient
4202,Efficient
4240,Efficient
4246,Efficient
4275,Efficient
4334,Efficient
4342,Efficient
4371,Efficient
4378,Efficient
4388,Efficient
4418,Efficient
4420,Efficient
4435,Efficient
4460,Efficient
4468,Efficient
4469,Efficient
4496,Efficient
4513,Efficient
4536,Efficient
4590,Efficient
4598,Efficient
4618,Efficient
4626,Efficient
4679,Efficient
14,Determined
56,Determined
61,Determined
63,Determined
68,Determined
71,Determined
76,Determined
104,Determined
123,Determined
124,Determined
139,Determined
141,Determined
152,Determined
218,Determined
226,Determined
233,Determined
269,Determined
271,Determined
272,Determined
410,Determined
418,Determined
453,Determined
456,Determined
458,Determined
465,Determined
512,Determined
518,Determined
539,Determined
555,Determined
559,Determined
646,Determined
671,Determined
677,Determined
725,Determined
729,Determined
734,Determined
778,Determined
803,Determined
808,Determined
842,Determined
849,Determined
855,Determined
858,Determined
872,Determined
884,Determined
892,Determined
945,Determined
954,Determined
993,Determined
1013,Determined
1033,Determined
1059,Determined
1067,Determined
1127,Determined
1150,Determined
1164,Determined
1195,Determined
1222,Determined
1243,Determined
1254,Determined
1277,Determined
1312,Determined
1317,Determined
1319,Determined
1336,Determined
1368,Determined
1369,Determined
1384,Determined
1396,Determined
1401,Determined
1426,Determined
1444,Determined
1462,Determined
1471,Determined
1481,Determined
1507,Determined
1527,Determined
1529,Determined
1546,Determined
1556,Determined
1562,Determined
1584,Determined
1661,Determined
1666,Determined
1667,Determined
1692,Determined
1753,Determined
1785,Determined
1799,Determined
1824,Determined
1837,Determined
1868,Determined
1871,Determined
1879,Determined
1899,Determined
1903,Determined
1912,Determined
1925,Determined
1927,Determined
1929,Determined
1990,Determined
1991,Determined
1997,Determined
2009,Determined
2011,Determined
2040,Determined
2053,Determined
2056,Determined
2061,Determined
2064,Determined
2154,Determined
2169,Determined
2221,Determined
2226,Determined
2254,Determined
2299,Determined
2314,Determined
2315,Determined
2338,Determined
2351,Determined
2365,Determined
2397,Determined
2405,Determined
2415,Determined
2420,Determined
2424,Determined
2434,Determined
2436,Determined
2451,Determined
2474,Determined
2489,Determined
2497,Determined
2504,Determined
2510,Determined
2584,Determined
2602,Determined
2604,Determined
2624,Determined
2640,Determined
2643,Determined
2646,Determined
2679,Determined
2704,Determined
2720,Determined
2738,Determined
2762,Determined
2802,Determined
2810,Determined
2825,Determined
2840,Determined
2857,Determined
2865,Determined
2884,Determined
2906,Determined
2953,Determined
2959,Determined
2963,Determined
2965,Determined
2975,Determined
2980,Determined
2982,Determined
2991,Determined
3049,Determined
3087,Determined
3116,Determined
3143,Determined
3152,Determined
3175,Determined
3190,Determined
3198,Determined
3205,Determined
3211,Determined
3222,Determined
3236,Determined
3243,Determined
3250,Determined
3268,Determined
3308,Determined
3348,Determined
3390,Determined
3392,Determined
3402,Determined
3420,Determined
3424,Determined
3469,Determined
3490,Determined
3501,Determined
3511,Determined
3516,Determined
3536,Determined
3579,Determined
3585,Determined
3607,Determined
3662,Determined
3692,Determined
3694,Determined
3710,Determined
3755,Determined
3781,Determined
3789,Determined
3798,Determined
3808,Determined
3817,Determined
3821,Determined
3826,Determined
3833,Determined
3863,Determined
3875,Determined
3887,Determined
3920,Determined
3932,Determined
3950,Determined
3985,Determined
3993,Determined
4000,Determined
4008,Determined
4011,Determined
4056,Determined
4085,Determined
4109,Determined
4143,Determined
4147,Determined
4180,Determined
4187,Determined
4200,Determined
4203,Determined
4215,Determined
4223,Determined
4247,Determined
4273,Determined
4283,Determined
4293,Determined
4295,Determined
4297,Determined
4326,Determined
4381,Determined
4411,Determined
4415,Determined
4427,Determined
4432,Determined
4448,Determined
4463,Determined
4484,Determined
4488,Determined
4508,Determined
4544,Determined
4567,Determined
4580,Determined
4587,Determined
4590,Determined
4649,Determined
4659,Determined
4662,Determined
4663,Determined
4694,Determined
42,Composure
54,Composure
68,Composure
75,Composure
88,Composure
138,Composure
143,Composure
207,Composure
211,Composure
222,Composure
224,Composure
234,Composure
238,Composure
243,Composure
245,Composure
272,Composure
411,Composure
416,Composure
479,Composure
501,Composure
538,Composure
555,Composure
589,Composure
592,Composure
606,Composure
618,Composure
748,Composure
812,Composure
818,Composure
823,Composure
824,Composure
852,Composure
866,Composure
869,Composure
879,Composure
897,Composure
911,Composure
914,Composure
945,Composure
958,Composure
1031,Composure
1037,Composure
1042,Composure
1046,Composure
1049,Composure
1067,Composure
1098,Composure
1106,Composure
1123,Composure
1142,Composure
1178,Composure
1179,Composure
1188,Composure
1245,Composure
1281,Composure
1283,Composure
1371,Composure
1381,Composure
1398,Composure
1409,Composure
1410,Composure
1431,Composure
1445,Composure
1452,Composure
1454,Composure
1466,Composure
1487,Composure
1505,Composure
1537,Composure
1538,Composure
1566,Composure
1596,Composure
1610,Composure
1635,Composure
1657,Composure
1664,Composure
1679,Composure
1715,Composure
1735,Composure
1779,Composure
1789,Composure
1811,Composure
1874,Composure
1886,Composure
1918,Composure
1931,Composure
1937,Composure
1964,Composure
2012,Composure
2035,Composure
2037,Composure
2048,Composure
2051,Composure
2052,Composure
2065,Composure
2081,Composure
2110,Composure
2116,Composure
2143,Composure
2150,Composure
2158,Composure
2160,Composure
2161,Composure
2163,Composure
2169,Composure
2170,Composure
2172,Composure
2176,Composure
2187,Composure
2207,Composure
2220,Composure
2221,Composure
2245,Composure
2248,Composure
2261,Composure
2282,Composure
2296,Composure
2317,Composure
2326,Composure
2342,Composure
2344,Composure
2362,Composure
2427,Composure
2431,Composure
2432,Composure
2483,Composure
2488,Composure
2529,Composure
2540,Composure
2547,Composure
2589,Composure
2595,Composure
2609,Composure
2638,Composure
2654,Composure
2672,Composure
2673,Composure
2677,Composure
2710,Composure
2739,Composure
2747,Composure
2775,Composure
2778,Composure
2813,Composure
2847,Composure
2894,Composure
2907,Composure
2913,Composure
2930,Composure
2959,Composure
2961,Composure
2964,Composure
3036,Composure
3038,Composure
3102,Composure
3160,Composure
3172,Composure
3180,Composure
3185,Composure
3193,Composure
3248,Composure
3263,Composure
3324,Composure
3325,Composure
3332,Composure
3346,Composure
3361,Composure
3391,Composure
3392,Composure
3395,Composure
3408,Composure
3451,Composure
3464,Composure
3467,Composure
3471,Composure
3481,Composure
3495,Composure
3510,Composure
3524,Composure
3571,Composure
3582,Composure
3597,Composure
3621,Composure
3629,Composure
3642,Composure
3660,Composure
3695,Composure
3697,Composure
3708,Composure
3714,Composure
3723,Composure
3741,Composure
3748,Composure
3757,Composure
3809,Composure
3815,Composure
3822,Composure
3842,Composure
3859,Composure
3903,Composure
3906,Composure
3915,Composure
3918,Composure
3967,Composure
3976,Composure
3984,Composure
4031,Composure
4034,Composure
4052,Composure
4096,Composure
4097,Composure
4141,Composure
4149,Composure
4161,Composure
4162,Composure
4177,Composure
4293,Composure
4310,Composure
4325,Composure
4337,Composure
4341,Composure
4372,Composure
4409,Composure
4418,Composure
4428,Composure
4431,Composure
4449,Composure
4483,Composure
4489,Composure
4515,Composure
4555,Composure
4558,Composure
4561,Composure
4594,Composure
4599,Composure
4625,Composure
4666,Composure
21,Competitive
43,Competitive
46,Competitive
66,Competitive
99,Competitive
113,Competitive
118,Competitive
122,Competitive
138,Competitive
161,Competitive
192,Competitive
216,Competitive
223,Competitive
225,Competitive
244,Competitive
264,Competitive
267,Competitive
412,Competitive
448,Competitive
456,Competitive
492,Competitive
522,Competitive
532,Competitive
561,Competitive
567,Competitive
587,Competitive
594,Competitive
605,Competitive
627,Competitive
633,Competitive
635,Competitive
639,Competitive
659,Competitive
714,Competitive
719,Competitive
757,Competitive
772,Competitive
819,Competitive
830,Competitive
833,Competitive
920,Competitive
950,Competitive
957,Competitive
962,Competitive
968,Competitive
1032,Competitive
1041,Competitive
1067,Competitive
1103,Competitive
1105,Competitive
1139,Competitive
1149,Competitive
1156,Competitive
1194,Competitive
1206,Competitive
1249,Competitive
1293,Competitive
1302,Competitive
1323,Competitive
1349,Competitive
1361,Competitive
1387,Competitive
1431,Competitive
1492,Competitive
1523,Competitive
1553,Competitive
1558,Competitive
1562,Competitive
1577,Competitive
1583,Competitive
1600,Competitive
1618,Competitive
1625,Competitive
1645,Competitive
1669,Competitive
1671,Competitive
1683,Competitive
1705,Competitive
1713,Competitive
1745,Competitive
1750,Competitive
1776,Competitive
1782,Competitive
1808,Competitive
1829,Competitive
1846,Competitive
1873,Competitive
1894,Competitive
1906,Competitive
1954,Competitive
1962,Competitive
1965,Competitive
1972,Competitive
1998,Competitive
2031,Competitive
2032,Competitive
2054,Competitive
2072,Competitive
2075,Competitive
2095,Competitive
2101,Competitive
2103,Competitive
2130,Competitive
2143,Competitive
2164,Competitive
2190,Competitive
2209,Competitive
2231,Competitive
2270,Competitive
2289,Competitive
2324,Competitive
2326,Competitive
2328,Competitive
2335,Competitive
2338,Competitive
2348,Competitive
2353,Competitive
2389,Competitive
2391,Competitive
2406,Competitive
2419,Competitive
2429,Competitive
2463,Competitive
2481,Competitive
2486,Competitive
2524,Competitive
2626,Competitive
2645,Competitive
2650,Competitive
2668,Competitive
2685,Competitive
2692,Competitive
2699,Competitive
2701,Competitive
2706,Competitive
2711,Competitive
2723,Competitive
2736,Competitive
2772,Competitive
2775,Competitive
2787,Competitive
2818,Competitive
2828,Competitive
2838,Competitive
2849,Competitive
2850,Competitive
2868,Competitive
2871,Competitive
2876,Competitive
2898,Competitive
2910,Competitive
2915,Competitive
2927,Competitive
2939,Competitive
2943,Competitive
2976,Competitive
2986,Competitive
2987,Competitive
3038,Competitive
3063,Competitive
3121,Competitive
3123,Competitive
3161,Competitive
3177,Competitive
3201,Competitive
3258,Competitive
3325,Competitive
3332,Competitive
3349,Competitive
3356,Competitive
3435,Competitive
3439,Competitive
3449,Competitive
3453,Competitive
3461,Competitive
3494,Competitive
3500,Competitive
3511,Competitive
3530,Competitive
3543,Competitive
3545,Competitive
3566,Competitive
3613,Competitive
3745,Competitive
3755,Competitive
3759,Competitive
3794,Competitive
3819,Competitive
3833,Competitive
3839,Competitive
3853,Competitive
3868,Competitive
3887,Competitive
3918,Competitive
3923,Competitive
3967,Competitive
3978,Competitive
3986,Competitive
3998,Competitive
4008,Competitive
4016,Competitive
4033,Competitive
4039,Competitive
4041,Competitive
4093,Competitive
4096,Competitive
4102,Competitive
4120,Competitive
4124,Competitive
4130,Competitive
4177,Competitive
4178,Competitive
4199,Competitive
4233,Competitive
4260,Competitive
4262,Competitive
4304,Competitive
4330,Competitive
4347,Competitive
4376,Competitive
4387,Competitive
4401,Competitive
4460,Competitive
4494,Competitive
4499,Competitive
4518,Competitive
4542,Competitive
4575,Competitive
4597,Competitive
4612,Competitive
4626,Competitive
4628,Competitive
4638,Competitive
4641,Competitive
4688,Competitive
17,Perfectionism
18,Perfectionism
35,Perfectionism
93,Perfectionism
96,Perfectionism
97,Perfectionism
114,Perfectionism
135,Perfectionism
147,Perfectionism
156,Perfectionism
159,Perfectionism
176,Perfectionism
189,Perfectionism
202,Perfectionism
249,Perfectionism
252,Perfectionism
257,Perfectionism
269,Perfectionism
274,Perfectionism
419,Perfectionism
424,Perfectionism
453,Perfectionism
465,Perfectionism
470,Perfectionism
484,Perfectionism
490,Perfectionism
504,Perfectionism
506,Perfectionism
514,Perfectionism
529,Perfectionism
534,Perfectionism
548,Perfectionism
572,Perfectionism
578,Perfectionism
590,Perfectionism
595,Perfectionism
603,Perfectionism
683,Perfectionism
698,Perfectionism
718,Perfectionism
719,Perfectionism
727,Perfectionism
736,Perfectionism
782,Perfectionism
836,Perfectionism
845,Perfectionism
847,Perfectionism
882,Perfectionism
914,Perfectionism
940,Perfectionism
1129,Perfectionism
1159,Perfectionism
1167,Perfectionism
1170,Perfectionism
1172,Perfectionism
1243,Perfectionism
1255,Perfectionism
1275,Perfectionism
1313,Perfectionism
1318,Perfectionism
1321,Perfectionism
1331,Perfectionism
1333,Perfectionism
1348,Perfectionism
1368,Perfectionism
1383,Perfectionism
1386,Perfectionism
1452,Perfectionism
1459,Perfectionism
1471,Perfectionism
1478,Perfectionism
1497,Perfectionism
1507,Perfectionism
1518,Perfectionism
1559,Perfectionism
1591,Perfectionism
1600,Perfectionism
1601,Perfectionism
1605,Perfectionism
1632,Perfectionism
1639,Perfectionism
1651,Perfectionism
1667,Perfectionism
1698,Perfectionism
1722,Perfectionism
1730,Perfectionism
1800,Perfectionism
1820,Perfectionism
1829,Perfectionism
1876,Perfectionism
1880,Perfectionism
1898,Perfectionism
1902,Perfectionism
1910,Perfectionism
1915,Perfectionism
1930,Perfectionism
1935,Perfectionism
1944,Perfectionism
1948,Perfectionism
1966,Perfectionism
1967,Perfectionism
1983,Perfectionism
2003,Perfectionism
2008,Perfectionism
2013,Perfectionism
2039,Perfectionism
2099,Perfectionism
2120,Perfectionism
2121,Perfectionism
2122,Perfectionism
2132,Perfectionism
2188,Perfectionism
2238,Perfectionism
2288,Perfectionism
2293,Perfectionism
2298,Perfectionism
2300,Perfectionism
2323,Perfectionism
2344,Perfectionism
2352,Perfectionism
2375,Perfectionism
2377,Perfectionism
2381,Perfectionism
2405,Perfectionism
2433,Perfectionism
2483,Perfectionism
2502,Perfectionism
2532,Perfectionism
2584,Perfectionism
2598,Perfectionism
2605,Perfectionism
2609,Perfectionism
2630,Perfectionism
2647,Perfectionism
2657,Perfectionism
2658,Perfectionism
2664,Perfectionism
2666,Perfectionism
2696,Perfectionism
2731,Perfectionism
2776,Perfectionism
2790,Perfectionism
2792,Perfectionism
2794,Perfectionism
2856,Perfectionism
2875,Perfectionism
2895,Perfectionism
2901,Perfectionism
2907,Perfectionism
2924,Perfectionism
2939,Perfectionism
2951,Perfectionism
2960,Perfectionism
2993,Perfectionism
3038,Perfectionism
3076,Perfectionism
3077,Perfectionism
3080,Perfectionism
3085,Perfectionism
3102,Perfectionism
3112,Perfectionism
3118,Perfectionism
3125,Perfectionism
3126,Perfectionism
3136,Perfectionism
3159,Perfectionism
3176,Perfectionism
3185,Perfectionism
3198,Perfectionism
3204,Perfectionism
3220,Perfectionism
3252,Perfectionism
3267,Perfectionism
3305,Perfectionism
3325,Perfectionism
3376,Perfectionism
3383,Perfectionism
3411,Perfectionism
3421,Perfectionism
3440,Perfectionism
3455,Perfectionism
3460,Perfectionism
3472,Perfectionism
3473,Perfectionism
3493,Perfectionism
3506,Perfectionism
3509,Perfectionism
3517,Perfectionism
3543,Perfectionism
3544,Perfectionism
3545,Perfectionism
3546,Perfectionism
3555,Perfectionism
3561,Perfectionism
3574,Perfectionism
3586,Perfectionism
3588,Perfectionism
3678,Perfectionism
3692,Perfectionism
3746,Perfectionism
3768,Perfectionism
3782,Perfectionism
3785,Perfectionism
3804,Perfectionism
3807,Perfectionism
3808,Perfectionism
3841,Perfectionism
3848,Perfectionism
3867,Perfectionism
3881,Perfectionism
3911,Perfectionism
3943,Perfectionism
3959,Perfectionism
3969,Perfectionism
3977,Perfectionism
3989,Perfectionism
4009,Perfectionism
4017,Perfectionism
4043,Perfectionism
4051,Perfectionism
4057,Perfectionism
4072,Perfectionism
4081,Perfectionism
4086,Perfectionism
4089,Perfectionism
4101,Perfectionism
4151,Perfectionism
4189,Perfectionism
4199,Perfectionism
4207,Perfectionism
4219,Perfectionism
4253,Perfectionism
4275,Perfectionism
4296,Perfectionism
4310,Perfectionism
4314,Perfectionism
4337,Perfectionism
4362,Perfectionism
4369,Perfectionism
4398,Perfectionism
4403,Perfectionism
4404,Perfectionism
4409,Perfectionism
4452,Perfectionism
4455,Perfectionism
4462,Perfectionism
4465,Perfectionism
4480,Perfectionism
4509,Perfectionism
4514,Perfectionism
4521,Perfectionism
4547,Perfectionism
4549,Perfectionism
4556,Perfectionism
4576,Perfectionism
4625,Perfectionism
4626,Perfectionism
4628,Perfectionism
4650,Perfectionism
4682,Perfectionism
4687,Perfectionism
4692,Perfectionism
34,Innovative
42,Innovative
69,Innovative
86,Innovative
123,Innovative
127,Innovative
140,Innovative
144,Innovative
147,Innovative
165,Innovative
175,Innovative
209,Innovative
224,Innovative
270,Innovative
271,Innovative
275,Innovative
433,Innovative
437,Innovative
472,Innovative
553,Innovative
571,Innovative
573,Innovative
589,Innovative
597,Innovative
601,Innovative
622,Innovative
628,Innovative
631,Innovative
643,Innovative
698,Innovative
732,Innovative
740,Innovative
761,Innovative
783,Innovative
799,Innovative
823,Innovative
831,Innovative
922,Innovative
924,Innovative
959,Innovative
978,Innovative
993,Innovative
1019,Innovative
1040,Innovative
1060,Innovative
1076,Innovative
1091,Innovative
1168,Innovative
1191,Innovative
1204,Innovative
1231,Innovative
1240,Innovative
1243,Innovative
1260,Innovative
1265,Innovative
1288,Innovative
1302,Innovative
1317,Innovative
1345,Innovative
1360,Innovative
1363,Innovative
1396,Innovative
1401,Innovative
1404,Innovative
1405,Innovative
1414,Innovative
1426,Innovative
1432,Innovative
1477,Innovative
1499,Innovative
1500,Innovative
1541,Innovative
1562,Innovative
1579,Innovative
1603,Innovative
1642,Innovative
1673,Innovative
1680,Innovative
1729,Innovative
1748,Innovative
1764,Innovative
1771,Innovative
1818,Innovative
1822,Innovative
1825,Innovative
1878,Innovative
1890,Innovative
1896,Innovative
1901,Innovative
1957,Innovative
1960,Innovative
1969,Innovative
1972,Innovative
1994,Innovative
1997,Innovative
2019,Innovative
2043,Innovative
2054,Innovative
2060,Innovative
2081,Innovative
2120,Innovative
2128,Innovative
2154,Innovative
2161,Innovative
2215,Innovative
2217,Innovative
2237,Innovative
2265,Innovative
2311,Innovative
2375,Innovative
2386,Innovative
2424,Innovative
2437,Innovative
2449,Innovative
2481,Innovative
2484,Innovative
2495,Innovative
2497,Innovative
2522,Innovative
2539,Innovative
2561,Innovative
2573,Innovative
2590,Innovative
2680,Innovative
2708,Innovative
2710,Innovative
2741,Innovative
2798,Innovative
2801,Innovative
2811,Innovative
2820,Innovative
2825,Innovative
2840,Innovative
2900,Innovative
2925,Innovative
2935,Innovative
2949,Innovative
2966,Innovative
2967,Innovative
3019,Innovative
3027,Innovative
3039,Innovative
3067,Innovative
3068,Innovative
3074,Innovative
3088,Innovative
3095,Innovative
3143,Innovative
3170,Innovative
3175,Innovative
3221,Innovative
3235,Innovative
3245,Innovative
3277,Innovative
3359,Innovative
3375,Innovative
3379,Innovative
3417,Innovative
3440,Innovative
3453,Innovative
3487,Innovative
3499,Innovative
3516,Innovative
3519,Innovative
3520,Innovative
3563,Innovative
3569,Innovative
3579,Innovative
3582,Innovative
3583,Innovative
3585,Innovative
3624,Innovative
3650,Innovative
3660,Innovative
3689,Innovative
3745,Innovative
3754,Innovative
3761,Innovative
3795,Innovative
3823,Innovative
3830,Innovative
3837,Innovative
3842,Innovative
3849,Innovative
3875,Innovative
3929,Innovative
3933,Innovative
3968,Innovative
3977,Innovative
3994,Innovative
3997,Innovative
4002,Innovative
4006,Innovative
4010,Innovative
4019,Innovative
4051,Innovative
4061,Innovative
4067,Innovative
4078,Innovative
4111,Innovative
4121,Innovative
4163,Innovative
4182,Innovative
4219,Innovative
4231,Innovative
4241,Innovative
4252,Innovative
4281,Innovative
4337,Innovative
4345,Innovative
4434,Innovative
4465,Innovative
4478,Innovative
4488,Innovative
4500,Innovative
4524,Innovative
4529,Innovative
4530,Innovative
4545,Innovative
4555,Innovative
4594,Innovative
4628,Innovative
4684,Innovative
65,Creative
80,Creative
85,Creative
87,Creative
101,Creative
160,Creative
175,Creative
179,Creative
229,Creative
236,Creative
254,Creative
441,Creative
464,Creative
491,Creative
497,Creative
511,Creative
528,Creative
554,Creative
560,Creative
582,Creative
609,Creative
625,Creative
631,Creative
636,Creative
647,Creative
698,Creative
720,Creative
741,Creative
753,Creative
775,Creative
802,Creative
804,Creative
822,Creative
838,Creative
860,Creative
885,Creative
887,Creative
891,Creative
931,Creative
957,Creative
966,Creative
967,Creative
969,Creative
998,Creative
1002,Creative
1055,Creative
1136,Creative
1144,Creative
1159,Creative
1160,Creative
1168,Creative
1182,Creative
1186,Creative
1207,Creative
1240,Creative
1253,Creative
1255,Creative
1294,Creative
1298,Creative
1348,Creative
1352,Creative
1363,Creative
1382,Creative
1402,Creative
1458,Creative
1486,Creative
1516,Creative
1530,Creative
1534,Creative
1540,Creative
1556,Creative
1568,Creative
1575,Creative
1584,Creative
1585,Creative
1590,Creative
1608,Creative
1613,Creative
1614,Creative
1634,Creative
1640,Creative
1659,Creative
1664,Creative
1671,Creative
1692,Creative
1695,Creative
1705,Creative
1715,Creative
1722,Creative
1724,Creative
1741,Creative
1742,Creative
1754,Creative
1777,Creative
1813,Creative
1818,Creative
1847,Creative
1880,Creative
1883,Creative
1890,Creative
1899,Creative
1905,Creative
1911,Creative
1914,Creative
1950,Creative
1956,Creative
1989,Creative
2005,Creative
2024,Creative
2029,Creative
2040,Creative
2057,Creative
2099,Creative
2110,Creative
2122,Creative
2126,Creative
2150,Creative
2171,Creative
2181,Creative
2215,Creative
2229,Creative
2235,Creative
2237,Creative
2247,Creative
2312,Creative
2314,Creative
2322,Creative
2323,Creative
2334,Creative
2340,Creative
2397,Creative
2415,Creative
2458,Creative
2470,Creative
2497,Creative
2498,Creative
2511,Creative
2531,Creative
2534,Creative
2539,Creative
2573,Creative
2589,Creative
2610,Creative
2618,Creative
2649,Creative
2659,Creative
2680,Creative
2683,Creative
2695,Creative
2711,Creative
2737,Creative
2784,Creative
2828,Creative
2879,Creative
2887,Creative
2920,Creative
2934,Creative
2945,Creative
2954,Creative
2958,Creative
2966,Creative
2982,Creative
3019,Creative
3031,Creative
3032,Creative
3076,Creative
3093,Creative
3105,Creative
3111,Creative
3119,Creative
3134,Creative
3160,Creative
3172,Creative
3184,Creative
3224,Creative
3269,Creative
3277,Creative
3324,Creative
3340,Creative
3354,Creative
3359,Creative
3383,Creative
3388,Creative
3399,Creative
3401,Creative
3424,Creative
3438,Creative
3448,Creative
3462,Creative
3524,Creative
3536,Creative
3539,Creative
3552,Creative
3579,Creative
3601,Creative
3608,Creative
3609,Creative
3625,Creative
3667,Creative
3669,Creative
3686,Creative
3697,Creative
3719,Creative
3720,Creative
3725,Creative
3755,Creative
3768,Creative
3822,Creative
3832,Creative
3848,Creative
3857,Creative
3865,Creative
3876,Creative
3886,Creative
3911,Creative
3935,Creative
3956,Creative
3996,Creative
4003,Creative
4011,Creative
4021,Creative
4025,Creative
4133,Creative
4157,Creative
4162,Creative
4169,Creative
4174,Creative
4180,Creative
4193,Creative
4204,Creative
4217,Creative
4279,Creative
4288,Creative
4296,Creative
4302,Creative
4316,Creative
4319,Creative
4333,Creative
4340,Creative
4344,Creative
4368,Creative
4393,Creative
4401,Creative
4433,Creative
4439,Creative
4503,Creative
4517,Creative
4547,Creative
4550,Creative
4593,Creative
4605,Creative
4611,Creative
4648,Creative
19,Critical Thinking
48,Critical Thinking
53,Critical Thinking
74,Critical Thinking
84,Critical Thinking
85,Critical Thinking
92,Critical Thinking
123,Critical Thinking
143,Critical Thinking
167,Critical Thinking
246,Critical Thinking
264,Critical Thinking
494,Critical Thinking
500,Critical Thinking
554,Critical Thinking
561,Critical Thinking
572,Critical Thinking
597,Critical Thinking
625,Critical Thinking
634,Critical Thinking
644,Critical Thinking
682,Critical Thinking
729,Critical Thinking
734,Critical Thinking
743,Critical Thinking
762,Critical Thinking
771,Critical Thinking
856,Critical Thinking
862,Critical Thinking
863,Critical Thinking
905,Critical Thinking
913,Critical Thinking
914,Critical Thinking
920,Critical Thinking
955,Critical Thinking
958,Critical Thinking
972,Critical Thinking
1009,Critical Thinking
1036,Critical Thinking
1049,Critical Thinking
1050,Critical Thinking
1081,Critical Thinking
1090,Critical Thinking
1167,Critical Thinking
1170,Critical Thinking
1214,Critical Thinking
1229,Critical Thinking
1255,Critical Thinking
1260,Critical Thinking
1291,Critical Thinking
1305,Critical Thinking
1320,Critical Thinking
1323,Critical Thinking
1328,Critical Thinking
1332,Critical Thinking
1362,Critical Thinking
1416,Critical Thinking
1438,Critical Thinking
1493,Critical Thinking
1518,Critical Thinking
1541,Critical Thinking
1573,Critical Thinking
1577,Critical Thinking
1591,Critical Thinking
1598,Critical Thinking
1604,Critical Thinking
1635,Critical Thinking
1654,Critical Thinking
1661,Critical Thinking
1691,Critical Thinking
1703,Critical Thinking
1720,Critical Thinking
1770,Critical Thinking
1782,Critical Thinking
1786,Critical Thinking
1801,Critical Thinking
1848,Critical Thinking
1866,Critical Thinking
1868,Critical Thinking
1875,Critical Thinking
1877,Critical Thinking
1896,Critical Thinking
1901,Critical Thinking
1903,Critical Thinking
1959,Critical Thinking
1962,Critical Thinking
2026,Critical Thinking
2043,Critical Thinking
2044,Critical Thinking
2107,Critical Thinking
2125,Critical Thinking
2133,Critical Thinking
2175,Critical Thinking
2188,Critical Thinking
2208,Critical Thinking
2266,Critical Thinking
2312,Critical Thinking
2345,Critical Thinking
2370,Critical Thinking
2388,Critical Thinking
2412,Critical Thinking
2438,Critical Thinking
2457,Critical Thinking
2473,Critical Thinking
2480,Critical Thinking
2510,Critical Thinking
2571,Critical Thinking
2572,Critical Thinking
2592,Critical Thinking
2593,Critical Thinking
2599,Critical Thinking
2605,Critical Thinking
2610,Critical Thinking
2613,Critical Thinking
2615,Critical Thinking
2621,Critical Thinking
2622,Critical Thinking
2641,Critical Thinking
2642,Critical Thinking
2644,Critical Thinking
2660,Critical Thinking
2674,Critical Thinking
2703,Critical Thinking
2715,Critical Thinking
2721,Critical Thinking
2728,Critical Thinking
2729,Critical Thinking
2777,Critical Thinking
2783,Critical Thinking
2808,Critical Thinking
2829,Critical Thinking
2833,Critical Thinking
2894,Critical Thinking
2900,Critical Thinking
2907,Critical Thinking
2973,Critical Thinking
2974,Critical Thinking
2976,Critical Thinking
2977,Critical Thinking
2979,Critical Thinking
3044,Critical Thinking
3063,Critical Thinking
3120,Critical Thinking
3125,Critical Thinking
3140,Critical Thinking
3151,Critical Thinking
3166,Critical Thinking
3174,Critical Thinking
3178,Critical Thinking
3255,Critical Thinking
3310,Critical Thinking
3323,Critical Thinking
3346,Critical Thinking
3364,Critical Thinking
3384,Critical Thinking
3385,Critical Thinking
3403,Critical Thinking
3409,Critical Thinking
3426,Critical Thinking
3455,Critical Thinking
3476,Critical Thinking
3481,Critical Thinking
3486,Critical Thinking
3500,Critical Thinking
3501,Critical Thinking
3530,Critical Thinking
3542,Critical Thinking
3547,Critical Thinking
3571,Critical Thinking
3597,Critical Thinking
3605,Critical Thinking
3672,Critical Thinking
3681,Critical Thinking
3708,Critical Thinking
3717,Critical Thinking
3724,Critical Thinking
3732,Critical Thinking
3752,Critical Thinking
3765,Critical Thinking
3772,Critical Thinking
3781,Critical Thinking
3788,Critical Thinking
3828,Critical Thinking
3832,Critical Thinking
3867,Critical Thinking
3868,Critical Thinking
3884,Critical Thinking
3886,Critical Thinking
3891,Critical Thinking
3939,Critical Thinking
3968,Critical Thinking
4000,Critical Thinking
4011,Critical Thinking
4037,Critical Thinking
4049,Critical Thinking
4065,Critical Thinking
4067,Critical Thinking
4076,Critical Thinking
4135,Critical Thinking
4139,Critical Thinking
4166,Critical Thinking
4176,Critical Thinking
4197,Critical Thinking
4237,Critical Thinking
4309,Critical Thinking
4320,Critical Thinking
4357,Critical Thinking
4366,Critical Thinking
4367,Critical Thinking
4371,Critical Thinking
4380,Critical Thinking
4386,Critical Thinking
4387,Critical Thinking
4390,Critical Thinking
4394,Critical Thinking
4432,Critical Thinking
4451,Critical Thinking
4506,Critical Thinking
4552,Critical Thinking
4566,Critical Thinking
4595,Critical Thinking
4601,Critical Thinking
4611,Critical Thinking
4616,Critical Thinking
4639,Critical Thinking
4666,Critical Thinking
4692,Critical Thinking
