candidate_id,staff_name
1,Bruno Bellbrook
2,Doris Bellasis
3,Gismo Tilling
5,Stacey Broad
6,Gismo Tilling
7,Stacey Broad
8,Fifi Eton
9,Bruno Bellbrook
10,Gismo Tilling
11,Sunny Sladefield
13,Rupert Ripple
14,Stacey Broad
15,Sunny Sladefield
16,Sunny Sladefield
17,Gismo Tilling
18,Stacey Broad
19,Stacey Broad
20,Gismo Tilling
21,Fifi Eton
22,Bruno Bellbrook
23,Rupert Ripple
24,Gismo Tilling
25,Gismo Tilling
26,Stacey Broad
28,Stacey Broad
29,Gismo Tilling
30,Bruno Bellbrook
32,Stacey Broad
34,Bruno Bellbrook
35,Bruno Bellbrook
36,Doris Bellasis
38,Stacey Broad
39,Gismo Tilling
40,Sunny Sladefield
41,Rupert Ripple
42,Gismo Tilling
43,Sunny Sladefield
44,Gismo Tilling
45,Doris Bellasis
46,Doris Bellasis
47,Gismo Tilling
48,Sunny Sladefield
50,Gismo Tilling
51,Doris Bellasis
52,Stacey Broad
53,Fifi Eton
54,Rupert Ripple
55,Doris Bellasis
56,Stacey Broad
57,Doris Bellasis
59,Fifi Eton
60,Doris Bellasis
61,Rupert Ripple
62,Fifi Eton
63,Bruno Bellbrook
64,Bruno Bellbrook
65,Doris Bellasis
66,Gismo Tilling
67,Rupert Ripple
68,Bruno Bellbrook
69,Bruno Bellbrook
70,Doris Bellasis
71,Rupert Ripple
72,Bruno Bellbrook
73,Doris Bellasis
74,Doris Bellasis
75,Rupert Ripple
76,Fifi Eton
77,Bruno Bellbrook
78,Doris Bellasis
79,Rupert Ripple
80,Gismo Tilling
81,Gismo Tilling
82,Bruno Bellbrook
83,Doris Bellasis
84,Sunny Sladefield
85,Bruno Bellbrook
86,Sunny Sladefield
87,Rupert Ripple
88,Bruno Bellbrook
89,Gismo Tilling
90,Rupert Ripple
92,Doris Bellasis
93,Fifi Eton
94,Stacey Broad
96,Bruno Bellbrook
97,Bruno Bellbrook
98,Gismo Tilling
99,Bruno Bellbrook
101,Sunny Sladefield
102,Stacey Broad
103,Gismo Tilling
104,Rupert Ripple
105,Rupert Ripple
106,Fifi Eton
107,Bruno Bellbrook
108,Doris Bellasis
109,Fifi Eton
110,Stacey Broad
111,Rupert Ripple
112,Doris Bellasis
113,Stacey Broad
114,Doris Bellasis
115,Stacey Broad
116,Rupert Ripple
117,Sunny Sladefield
118,Fifi Eton
119,Stacey Broad
120,Stacey Broad
121,Stacey Broad
122,Stacey Broad
123,Fifi Eton
124,Doris Bellasis
125,Gismo Tilling
127,Bruno Bellbrook
128,Gismo Tilling
129,Doris Bellasis
130,Doris Bellasis
131,Rupert Ripple
132,Stacey Broad
133,Rupert Ripple
134,Sunny Sladefield
135,Stacey Broad
136,Sunny Sladefield
137,Doris Bellasis
138,Doris Bellasis
139,Fifi Eton
140,Bruno Bellbrook
141,Stacey Broad
142,Doris Bellasis
143,Rupert Ripple
144,Stacey Broad
145,Doris Bellasis
146,Stacey Broad
147,Doris Bellasis
148,Gismo Tilling
149,Gismo Tilling
150,Doris Bellasis
151,Rupert Ripple
152,Bruno Bellbrook
153,Fifi Eton
154,Gismo Tilling
155,Sunny Sladefield
156,Doris Bellasis
158,Doris Bellasis
159,Fifi Eton
160,Fifi Eton
161,Fifi Eton
162,Doris Bellasis
163,Fifi Eton
164,Stacey Broad
165,Fifi Eton
167,Rupert Ripple
168,Doris Bellasis
169,Sunny Sladefield
170,Fifi Eton
172,Fifi Eton
174,Doris Bellasis
175,Sunny Sladefield
176,Bruno Bellbrook
177,Sunny Sladefield
178,Rupert Ripple
179,Fifi Eton
180,Stacey Broad
182,Sunny Sladefield
183,Gismo Tilling
184,Bruno Bellbrook
185,Bruno Bellbrook
186,Bruno Bellbrook
188,Bruno Bellbrook
189,Bruno Bellbrook
190,Rupert Ripple
191,Rupert Ripple
192,Bruno Bellbrook
193,Rupert Ripple
194,Bruno Bellbrook
195,Sunny Sladefield
196,Stacey Broad
197,Sunny Sladefield
198,Fifi Eton
200,Sunny Sladefield
202,Bruno Bellbrook
203,Gismo Tilling
204,Sunny Sladefield
205,Bruno Bellbrook
207,Stacey Broad
208,Gismo Tilling
209,Fifi Eton
210,Gismo Tilling
211,Rupert Ripple
212,Rupert Ripple
213,Doris Bellasis
214,Bruno Bellbrook
215,Stacey Broad
216,Rupert Ripple
217,Rupert Ripple
218,Bruno Bellbrook
219,Rupert Ripple
220,Bruno Bellbrook
221,Stacey Broad
222,Stacey Broad
223,Rupert Ripple
224,Bruno Bellbrook
225,Bruno Bellbrook
226,Sunny Sladefield
227,Fifi Eton
228,Fifi Eton
229,Fifi Eton
230,Stacey Broad
231,Doris Bellasis
233,Stacey Broad
234,Stacey Broad
235,Rupert Ripple
236,Stacey Broad
237,Fifi Eton
238,Rupert Ripple
240,Stacey Broad
241,Fifi Eton
242,Fifi Eton
243,Gismo Tilling
244,Gismo Tilling
245,Gismo Tilling
246,Doris Bellasis
247,Rupert Ripple
248,Fifi Eton
249,Stacey Broad
251,Bruno Bellbrook
252,Rupert Ripple
253,Bruno Bellbrook
254,Doris Bellasis
255,Rupert Ripple
257,Bruno Bellbrook
258,Rupert Ripple
259,Doris Bellasis
260,Gismo Tilling
262,Stacey Broad
263,Gismo Tilling
264,Stacey Broad
265,Fifi Eton
266,Rupert Ripple
267,Fifi Eton
269,Rupert Ripple
270,Gismo Tilling
271,Gismo Tilling
272,Fifi Eton
273,Rupert Ripple
274,Rupert Ripple
275,Gismo Tilling
276,Stacey Broad
277,Rupert Ripple
278,Sunny Sladefield
279,Fifi Eton
280,Rupert Ripple
281,Bruno Bellbrook
282,Sunny Sladefield
283,Gismo Tilling
284,Doris Bellasis
285,Bruno Bellbrook
287,Gismo Tilling
288,Rupert Ripple
289,Stacey Broad
290,Fifi Eton
291,Fifi Eton
292,Rupert Ripple
293,Gismo Tilling
294,Doris Bellasis
295,Doris Bellasis
297,Bruno Bellbrook
298,Fifi Eton
299,Rupert Ripple
300,Fifi Eton
301,Bruno Bellbrook
303,Doris Bellasis
304,Fifi Eton
305,Fifi Eton
306,Doris Bellasis
307,Fifi Eton
308,Fifi Eton
309,Rupert Ripple
310,Gismo Tilling
311,Stacey Broad
312,Doris Bellasis
313,Rupert Ripple
316,Rupert Ripple
318,Fifi Eton
319,Stacey Broad
320,Rupert Ripple
321,Rupert Ripple
322,Rupert Ripple
323,Gismo Tilling
324,Rupert Ripple
325,Sunny Sladefield
326,Gismo Tilling
327,Rupert Ripple
328,Rupert Ripple
329,Sunny Sladefield
331,Gismo Tilling
332,Rupert Ripple
333,Sunny Sladefield
334,Doris Bellasis
335,Rupert Ripple
336,Doris Bellasis
337,Doris Bellasis
338,Stacey Broad
339,Sunny Sladefield
340,Sunny Sladefield
341,Bruno Bellbrook
342,Gismo Tilling
343,Sunny Sladefield
344,Gismo Tilling
345,Bruno Bellbrook
346,Gismo Tilling
347,Fifi Eton
349,Fifi Eton
350,Rupert Ripple
351,Fifi Eton
352,Sunny Sladefield
353,Sunny Sladefield
354,Rupert Ripple
355,Sunny Sladefield
356,Doris Bellasis
357,Stacey Broad
358,Doris Bellasis
359,Gismo Tilling
360,Fifi Eton
361,Fifi Eton
362,Sunny Sladefield
363,Gismo Tilling
364,Bruno Bellbrook
365,Sunny Sladefield
366,Stacey Broad
367,Bruno Bellbrook
368,Rupert Ripple
369,Bruno Bellbrook
370,Rupert Ripple
372,Doris Bellasis
373,Doris Bellasis
374,Bruno Bellbrook
376,Doris Bellasis
377,Doris Bellasis
378,Stacey Broad
379,Fifi Eton
380,Stacey Broad
381,Bruno Bellbrook
382,Rupert Ripple
383,Fifi Eton
384,Sunny Sladefield
385,Sunny Sladefield
386,Sunny Sladefield
387,Stacey Broad
388,Fifi Eton
389,Sunny Sladefield
390,Bruno Bellbrook
391,Doris Bellasis
393,Gismo Tilling
394,Stacey Broad
395,Bruno Bellbrook
396,Gismo Tilling
397,Fifi Eton
398,Stacey Broad
399,Bruno Bellbrook
400,Rupert Ripple
401,Stacey Broad
403,Stacey Broad
404,Rupert Ripple
405,Sunny Sladefield
407,Doris Bellasis
408,Rupert Ripple
409,Gismo Tilling
410,Gismo Tilling
411,Gismo Tilling
412,Sunny Sladefield
413,Fifi Eton
414,Rupert Ripple
415,Sunny Sladefield
416,Doris Bellasis
417,Rupert Ripple
418,Fifi Eton
419,Rupert Ripple
420,Doris Bellasis
421,Rupert Ripple
422,Doris Bellasis
423,Doris Bellasis
424,Gismo Tilling
425,Doris Bellasis
426,Fifi Eton
427,Sunny Sladefield
428,Bruno Bellbrook
429,Fifi Eton
430,Gismo Tilling
431,Sunny Sladefield
432,Gismo Tilling
433,Gismo Tilling
434,Bruno Bellbrook
435,Stacey Broad
437,Rupert Ripple
438,Sunny Sladefield
439,Doris Bellasis
440,Doris Bellasis
441,Stacey Broad
442,Bruno Bellbrook
444,Sunny Sladefield
445,Rupert Ripple
446,Sunny Sladefield
447,Stacey Broad
448,Stacey Broad
449,Fifi Eton
450,Gismo Tilling
452,Doris Bellasis
453,Fifi Eton
455,Sunny Sladefield
456,Doris Bellasis
457,Sunny Sladefield
458,Gismo Tilling
459,Bruno Bellbrook
460,Stacey Broad
461,Sunny Sladefield
462,Rupert Ripple
463,Gismo Tilling
464,Sunny Sladefield
465,Sunny Sladefield
466,Sunny Sladefield
467,Doris Bellasis
468,Fifi Eton
469,Stacey Broad
470,Rupert Ripple
471,Stacey Broad
472,Bruno Bellbrook
473,Sunny Sladefield
474,Sunny Sladefield
475,Stacey Broad
476,Doris Bellasis
477,Bruno Bellbrook
478,Stacey Broad
479,Gismo Tilling
480,Gismo Tilling
481,Bruno Bellbrook
482,Bruno Bellbrook
483,Rupert Ripple
484,Rupert Ripple
485,Sunny Sladefield
486,Bruno Bellbrook
487,Gismo Tilling
488,Bruno Bellbrook
489,Fifi Eton
490,Bruno Bellbrook
491,Doris Bellasis
492,Rupert Ripple
493,Gismo Tilling
494,Sunny Sladefield
495,Fifi Eton
496,Sunny Sladefield
497,Stacey Broad
498,Rupert Ripple
499,Rupert Ripple
500,Rupert Ripple
501,Stacey Broad
503,Stacey Broad
504,Rupert Ripple
505,Sunny Sladefield
506,Fifi Eton
508,Doris Bellasis
509,Gismo Tilling
510,Doris Bellasis
511,Doris Bellasis
512,Stacey Broad
513,Sunny Sladefield
514,Gismo Tilling
515,Bruno Bellbrook
516,Gismo Tilling
517,Bruno Bellbrook
518,Gismo Tilling
519,Stacey Broad
520,Fifi Eton
521,Sunny Sladefield
522,Rupert Ripple
523,Rupert Ripple
524,Rupert Ripple
525,Rupert Ripple
526,Fifi Eton
528,Stacey Broad
529,Doris Bellasis
531,Fifi Eton
532,Bruno Bellbrook
533,Rupert Ripple
534,Stacey Broad
535,Bruno Bellbrook
536,Stacey Broad
537,Gismo Tilling
538,Doris Bellasis
539,Gismo Tilling
540,Bruno Bellbrook
541,Bruno Bellbrook
542,Rupert Ripple
543,Sunny Sladefield
544,Gismo Tilling
545,Doris Bellasis
546,Sunny Sladefield
547,Sunny Sladefield
548,Fifi Eton
549,Rupert Ripple
550,Stacey Broad
551,Bruno Bellbrook
552,Fifi Eton
553,Fifi Eton
554,Bruno Bellbrook
555,Gismo Tilling
556,Bruno Bellbrook
557,Doris Bellasis
558,Doris Bellasis
559,Gismo Tilling
560,Gismo Tilling
561,Bruno Bellbrook
562,Doris Bellasis
563,Sunny Sladefield
564,Stacey Broad
565,Rupert Ripple
566,Doris Bellasis
567,Sunny Sladefield
568,Doris Bellasis
571,Sunny Sladefield
572,Fifi Eton
573,Doris Bellasis
574,Gismo Tilling
575,Rupert Ripple
576,Fifi Eton
577,Fifi Eton
578,Fifi Eton
579,Stacey Broad
580,Rupert Ripple
581,Fifi Eton
582,Rupert Ripple
583,Stacey Broad
584,Bruno Bellbrook
586,Doris Bellasis
587,Gismo Tilling
589,Bruno Bellbrook
590,Gismo Tilling
591,Gismo Tilling
592,Rupert Ripple
593,Stacey Broad
594,Stacey Broad
595,Gismo Tilling
596,Doris Bellasis
597,Gismo Tilling
598,Rupert Ripple
599,Doris Bellasis
600,Rupert Ripple
601,Doris Bellasis
602,Stacey Broad
603,Gismo Tilling
604,Gismo Tilling
605,Sunny Sladefield
606,Doris Bellasis
607,Gismo Tilling
608,Stacey Broad
609,Sunny Sladefield
610,Bruno Bellbrook
611,Sunny Sladefield
613,Fifi Eton
614,Bruno Bellbrook
615,Fifi Eton
616,Rupert Ripple
617,Gismo Tilling
618,Rupert Ripple
619,Stacey Broad
620,Fifi Eton
621,Fifi Eton
622,Gismo Tilling
623,Gismo Tilling
624,Fifi Eton
625,Sunny Sladefield
626,Doris Bellasis
627,Gismo Tilling
628,Gismo Tilling
629,Fifi Eton
630,Rupert Ripple
631,Stacey Broad
632,Sunny Sladefield
633,Fifi Eton
634,Fifi Eton
635,Gismo Tilling
636,Sunny Sladefield
637,Bruno Bellbrook
638,Sunny Sladefield
639,Stacey Broad
640,Rupert Ripple
641,Gismo Tilling
642,Doris Bellasis
643,Rupert Ripple
644,Gismo Tilling
645,Bruno Bellbrook
646,Fifi Eton
647,Doris Bellasis
648,Gismo Tilling
650,Doris Bellasis
651,Stacey Broad
652,Fifi Eton
653,Stacey Broad
654,Stacey Broad
655,Rupert Ripple
656,Fifi Eton
657,Gismo Tilling
658,Bruno Bellbrook
659,Sunny Sladefield
661,Sunny Sladefield
663,Rupert Ripple
664,Gismo Tilling
665,Bruno Bellbrook
667,Gismo Tilling
669,Stacey Broad
671,Gismo Tilling
672,Rupert Ripple
673,Rupert Ripple
674,Gismo Tilling
675,Fifi Eton
676,Bruno Bellbrook
677,Doris Bellasis
679,Bruno Bellbrook
680,Sunny Sladefield
681,Rupert Ripple
682,Doris Bellasis
683,Bruno Bellbrook
685,Doris Bellasis
686,Sunny Sladefield
687,Stacey Broad
689,Sunny Sladefield
690,Fifi Eton
691,Sunny Sladefield
692,Sunny Sladefield
693,Stacey Broad
694,Gismo Tilling
695,Bruno Bellbrook
696,Doris Bellasis
697,Bruno Bellbrook
698,Bruno Bellbrook
699,Stacey Broad
700,Gismo Tilling
701,Doris Bellasis
702,Bruno Bellbrook
703,Gismo Tilling
704,Gismo Tilling
705,Stacey Broad
706,Rupert Ripple
707,Stacey Broad
708,Doris Bellasis
709,Doris Bellasis
711,Sunny Sladefield
712,Rupert Ripple
713,Fifi Eton
714,Doris Bellasis
715,Rupert Ripple
716,Doris Bellasis
717,Fifi Eton
718,Bruno Bellbrook
719,Rupert Ripple
720,Bruno Bellbrook
721,Rupert Ripple
722,Gismo Tilling
724,Doris Bellasis
725,Rupert Ripple
726,Rupert Ripple
727,Doris Bellasis
728,Gismo Tilling
729,Fifi Eton
730,Doris Bellasis
731,Fifi Eton
732,Doris Bellasis
734,Bruno Bellbrook
735,Rupert Ripple
736,Sunny Sladefield
738,Fifi Eton
739,Stacey Broad
740,Rupert Ripple
741,Doris Bellasis
742,Bruno Bellbrook
743,Doris Bellasis
744,Doris Bellasis
745,Doris Bellasis
746,Doris Bellasis
748,Fifi Eton
749,Gismo Tilling
750,Gismo Tilling
751,Rupert Ripple
752,Fifi Eton
753,Fifi Eton
754,Stacey Broad
755,Stacey Broad
756,Doris Bellasis
757,Bruno Bellbrook
758,Sunny Sladefield
759,Doris Bellasis
760,Gismo Tilling
761,Rupert Ripple
762,Doris Bellasis
763,Fifi Eton
764,Doris Bellasis
765,Rupert Ripple
766,Stacey Broad
767,Sunny Sladefield
768,Sunny Sladefield
769,Sunny Sladefield
771,Doris Bellasis
772,Gismo Tilling
773,Gismo Tilling
774,Sunny Sladefield
775,Rupert Ripple
777,Fifi Eton
778,Rupert Ripple
779,Doris Bellasis
781,Doris Bellasis
782,Doris Bellasis
783,Doris Bellasis
784,Fifi Eton
785,Fifi Eton
786,Sunny Sladefield
787,Doris Bellasis
788,Doris Bellasis
791,Fifi Eton
792,Fifi Eton
793,Fifi Eton
795,Stacey Broad
796,Doris Bellasis
797,Stacey Broad
798,Fifi Eton
799,Fifi Eton
800,Gismo Tilling
801,Gismo Tilling
802,Rupert Ripple
803,Doris Bellasis
804,Gismo Tilling
805,Bruno Bellbrook
807,Sunny Sladefield
808,Gismo Tilling
809,Sunny Sladefield
810,Sunny Sladefield
811,Sunny Sladefield
812,Sunny Sladefield
815,Gismo Tilling
816,Fifi Eton
817,Doris Bellasis
818,Fifi Eton
819,Fifi Eton
820,Gismo Tilling
821,Gismo Tilling
822,Gismo Tilling
823,Fifi Eton
824,Rupert Ripple
825,Fifi Eton
827,Sunny Sladefield
828,Fifi Eton
830,Fifi Eton
831,Bruno Bellbrook
832,Rupert Ripple
833,Doris Bellasis
834,Rupert Ripple
836,Doris Bellasis
837,Bruno Bellbrook
838,Bruno Bellbrook
839,Bruno Bellbrook
840,Bruno Bellbrook
841,Bruno Bellbrook
842,Rupert Ripple
843,Gismo Tilling
844,Rupert Ripple
845,Doris Bellasis
846,Gismo Tilling
847,Doris Bellasis
848,Rupert Ripple
849,Rupert Ripple
850,Bruno Bellbrook
851,Rupert Ripple
852,Sunny Sladefield
853,Rupert Ripple
855,Rupert Ripple
856,Rupert Ripple
857,Rupert Ripple
858,Gismo Tilling
860,Rupert Ripple
861,Gismo Tilling
862,Doris Bellasis
863,Gismo Tilling
864,Bruno Bellbrook
865,Rupert Ripple
866,Sunny Sladefield
867,Doris Bellasis
868,Gismo Tilling
869,Rupert Ripple
870,Gismo Tilling
871,Sunny Sladefield
872,Rupert Ripple
873,Rupert Ripple
874,Rupert Ripple
875,Sunny Sladefield
877,Bruno Bellbrook
879,Sunny Sladefield
880,Bruno Bellbrook
881,Bruno Bellbrook
882,Stacey Broad
883,Fifi Eton
884,Doris Bellasis
885,Rupert Ripple
887,Stacey Broad
888,Stacey Broad
889,Bruno Bellbrook
890,Rupert Ripple
891,Doris Bellasis
892,Sunny Sladefield
893,Sunny Sladefield
894,Rupert Ripple
896,Bruno Bellbrook
897,Bruno Bellbrook
899,Stacey Broad
900,Rupert Ripple
902,Bruno Bellbrook
903,Bruno Bellbrook
905,Rupert Ripple
906,Stacey Broad
907,Stacey Broad
908,Stacey Broad
910,Fifi Eton
911,Bruno Bellbrook
913,Stacey Broad
914,Doris Bellasis
915,Stacey Broad
917,Doris Bellasis
918,Fifi Eton
920,Doris Bellasis
922,Rupert Ripple
923,Sunny Sladefield
924,Doris Bellasis
925,Stacey Broad
926,Stacey Broad
927,Gismo Tilling
928,Doris Bellasis
929,Sunny Sladefield
931,Fifi Eton
933,Doris Bellasis
934,Rupert Ripple
935,Doris Bellasis
937,Sunny Sladefield
938,Stacey Broad
939,Sunny Sladefield
940,Fifi Eton
941,Bruno Bellbrook
942,Bruno Bellbrook
943,Fifi Eton
944,Stacey Broad
945,Stacey Broad
946,Doris Bellasis
947,Rupert Ripple
948,Fifi Eton
949,Rupert Ripple
950,Rupert Ripple
951,Doris Bellasis
952,Stacey Broad
954,Bruno Bellbrook
955,Stacey Broad
956,Rupert Ripple
957,Sunny Sladefield
958,Rupert Ripple
959,Sunny Sladefield
961,Sunny Sladefield
962,Gismo Tilling
963,Gismo Tilling
964,Stacey Broad
966,Doris Bellasis
967,Sunny Sladefield
968,Doris Bellasis
969,Bruno Bellbrook
970,Sunny Sladefield
972,Doris Bellasis
973,Bruno Bellbrook
975,Doris Bellasis
976,Gismo Tilling
977,Stacey Broad
978,Rupert Ripple
979,Bruno Bellbrook
980,Doris Bellasis
982,Gismo Tilling
983,Bruno Bellbrook
987,Doris Bellasis
989,Stacey Broad
990,Gismo Tilling
991,Fifi Eton
993,Bruno Bellbrook
994,Sunny Sladefield
995,Rupert Ripple
996,Rupert Ripple
997,Bruno Bellbrook
998,Stacey Broad
999,Stacey Broad
1000,Stacey Broad
1001,Doris Bellasis
1002,Fifi Eton
1003,Doris Bellasis
1004,Sunny Sladefield
1006,Bruno Bellbrook
1007,Stacey Broad
1008,Bruno Bellbrook
1009,Rupert Ripple
1011,Stacey Broad
1012,Stacey Broad
1013,Stacey Broad
1015,Gismo Tilling
1018,Gismo Tilling
1019,Rupert Ripple
1020,Rupert Ripple
1021,Fifi Eton
1022,Bruno Bellbrook
1024,Gismo Tilling
1025,Gismo Tilling
1026,Gismo Tilling
1027,Rupert Ripple
1029,Doris Bellasis
1030,Gismo Tilling
1031,Bruno Bellbrook
1032,Gismo Tilling
1033,Doris Bellasis
1034,Rupert Ripple
1035,Rupert Ripple
1036,Gismo Tilling
1037,Doris Bellasis
1039,Doris Bellasis
1040,Stacey Broad
1041,Gismo Tilling
1042,Stacey Broad
1043,Fifi Eton
1046,Gismo Tilling
1047,Stacey Broad
1048,Gismo Tilling
1049,Rupert Ripple
1050,Sunny Sladefield
1051,Doris Bellasis
1052,Bruno Bellbrook
1053,Fifi Eton
1054,Bruno Bellbrook
1055,Fifi Eton
1056,Rupert Ripple
1058,Bruno Bellbrook
1059,Fifi Eton
1060,Bruno Bellbrook
1062,Bruno Bellbrook
1063,Doris Bellasis
1064,Sunny Sladefield
1065,Doris Bellasis
1066,Stacey Broad
1067,Sunny Sladefield
1069,Fifi Eton
1070,Sunny Sladefield
1071,Fifi Eton
1074,Rupert Ripple
1075,Rupert Ripple
1076,Doris Bellasis
1078,Rupert Ripple
1079,Stacey Broad
1080,Rupert Ripple
1081,Rupert Ripple
1082,Bruno Bellbrook
1083,Bruno Bellbrook
1085,Doris Bellasis
1086,Rupert Ripple
1087,Bruno Bellbrook
1088,Sunny Sladefield
1089,Rupert Ripple
1090,Rupert Ripple
1091,Fifi Eton
1092,Sunny Sladefield
1093,Rupert Ripple
1095,Bruno Bellbrook
1097,Rupert Ripple
1098,Gismo Tilling
1099,Bruno Bellbrook
1100,Bruno Bellbrook
1101,Doris Bellasis
1102,Doris Bellasis
1103,Sunny Sladefield
1104,Sunny Sladefield
1105,Sunny Sladefield
1106,Sunny Sladefield
1107,Stacey Broad
1109,Sunny Sladefield
1110,Rupert Ripple
1111,Sunny Sladefield
1112,Doris Bellasis
1113,Rupert Ripple
1114,Sunny Sladefield
1118,Bruno Bellbrook
1119,Gismo Tilling
1120,Bruno Bellbrook
1121,Gismo Tilling
1122,Sunny Sladefield
1123,Stacey Broad
1124,Sunny Sladefield
1126,Bruno Bellbrook
1127,Stacey Broad
1128,Gismo Tilling
1129,Stacey Broad
1130,Rupert Ripple
1131,Doris Bellasis
1132,Gismo Tilling
1133,Fifi Eton
1134,Rupert Ripple
1135,Rupert Ripple
1136,Bruno Bellbrook
1137,Rupert Ripple
1138,Sunny Sladefield
1139,Gismo Tilling
1140,Sunny Sladefield
1141,Fifi Eton
1142,Stacey Broad
1143,Doris Bellasis
1144,Rupert Ripple
1146,Doris Bellasis
1147,Sunny Sladefield
1148,Doris Bellasis
1149,Sunny Sladefield
1150,Doris Bellasis
1151,Bruno Bellbrook
1155,Fifi Eton
1156,Doris Bellasis
1157,Rupert Ripple
1158,Rupert Ripple
1159,Stacey Broad
1160,Fifi Eton
1161,Sunny Sladefield
1162,Gismo Tilling
1163,Doris Bellasis
1164,Stacey Broad
1165,Sunny Sladefield
1166,Sunny Sladefield
1167,Fifi Eton
1168,Stacey Broad
1169,Fifi Eton
1170,Stacey Broad
1171,Fifi Eton
1172,Stacey Broad
1173,Stacey Broad
1174,Bruno Bellbrook
1175,Gismo Tilling
1176,Doris Bellasis
1177,Stacey Broad
1178,Bruno Bellbrook
1179,Gismo Tilling
1180,Rupert Ripple
1181,Bruno Bellbrook
1182,Rupert Ripple
1183,Stacey Broad
1184,Stacey Broad
1186,Fifi Eton
1187,Fifi Eton
1188,Rupert Ripple
1189,Sunny Sladefield
1190,Doris Bellasis
1191,Rupert Ripple
1192,Gismo Tilling
1193,Rupert Ripple
1194,Gismo Tilling
1195,Bruno Bellbrook
1196,Sunny Sladefield
1197,Bruno Bellbrook
1198,Sunny Sladefield
1199,Stacey Broad
1200,Rupert Ripple
1201,Stacey Broad
1202,Gismo Tilling
1204,Rupert Ripple
1205,Fifi Eton
1206,Rupert Ripple
1207,Stacey Broad
1208,Fifi Eton
1209,Fifi Eton
1210,Gismo Tilling
1211,Doris Bellasis
1212,Stacey Broad
1213,Gismo Tilling
1214,Sunny Sladefield
1216,Fifi Eton
1217,Gismo Tilling
1218,Stacey Broad
1219,Stacey Broad
1220,Doris Bellasis
1221,Fifi Eton
1222,Bruno Bellbrook
1223,Rupert Ripple
1226,Fifi Eton
1227,Rupert Ripple
1228,Stacey Broad
1229,Stacey Broad
1230,Stacey Broad
1231,Stacey Broad
1232,Doris Bellasis
1234,Fifi Eton
1235,Fifi Eton
1236,Sunny Sladefield
1237,Doris Bellasis
1238,Fifi Eton
1239,Fifi Eton
1240,Bruno Bellbrook
1241,Gismo Tilling
1243,Doris Bellasis
1244,Doris Bellasis
1245,Rupert Ripple
1246,Gismo Tilling
1247,Sunny Sladefield
1248,Gismo Tilling
1249,Sunny Sladefield
1250,Bruno Bellbrook
1251,Rupert Ripple
1252,Fifi Eton
1253,Gismo Tilling
1254,Bruno Bellbrook
1255,Rupert Ripple
1256,Gismo Tilling
1257,Gismo Tilling
1258,Gismo Tilling
1259,Gismo Tilling
1260,Rupert Ripple
1261,Bruno Bellbrook
1262,Sunny Sladefield
1263,Stacey Broad
1264,Fifi Eton
1265,Stacey Broad
1266,Bruno Bellbrook
1267,Stacey Broad
1269,Stacey Broad
1270,Bruno Bellbrook
1273,Gismo Tilling
1275,Sunny Sladefield
1276,Fifi Eton
1277,Gismo Tilling
1278,Stacey Broad
1279,Stacey Broad
1280,Bruno Bellbrook
1281,Gismo Tilling
1282,Sunny Sladefield
1283,Rupert Ripple
1284,Sunny Sladefield
1285,Stacey Broad
1286,Rupert Ripple
1287,Sunny Sladefield
1288,Doris Bellasis
1289,Rupert Ripple
1290,Doris Bellasis
1291,Rupert Ripple
1292,Doris Bellasis
1293,Gismo Tilling
1294,Rupert Ripple
1295,Bruno Bellbrook
1296,Stacey Broad
1297,Bruno Bellbrook
1298,Doris Bellasis
1299,Rupert Ripple
1300,Gismo Tilling
1301,Rupert Ripple
1302,Fifi Eton
1303,Stacey Broad
1305,Gismo Tilling
1307,Sunny Sladefield
1308,Stacey Broad
1310,Stacey Broad
1311,Fifi Eton
1312,Sunny Sladefield
1313,Sunny Sladefield
1314,Stacey Broad
1315,Doris Bellasis
1317,Stacey Broad
1318,Sunny Sladefield
1319,Stacey Broad
1320,Gismo Tilling
1321,Gismo Tilling
1322,Fifi Eton
1323,Rupert Ripple
1324,Rupert Ripple
1325,Sunny Sladefield
1326,Rupert Ripple
1327,Stacey Broad
1328,Sunny Sladefield
1330,Bruno Bellbrook
1331,Sunny Sladefield
1332,Rupert Ripple
1333,Fifi Eton
1334,Rupert Ripple
1335,Rupert Ripple
1336,Stacey Broad
1337,Stacey Broad
1338,Stacey Broad
1339,Fifi Eton
1340,Bruno Bellbrook
1341,Doris Bellasis
1342,Gismo Tilling
1343,Rupert Ripple
1344,Sunny Sladefield
1345,Fifi Eton
1346,Bruno Bellbrook
1347,Gismo Tilling
1348,Fifi Eton
1349,Rupert Ripple
1350,Sunny Sladefield
1351,Stacey Broad
1352,Fifi Eton
1353,Stacey Broad
1355,Stacey Broad
1356,Doris Bellasis
1358,Bruno Bellbrook
1359,Stacey Broad
1360,Sunny Sladefield
1361,Gismo Tilling
1362,Stacey Broad
1363,Sunny Sladefield
1364,Fifi Eton
1366,Stacey Broad
1367,Bruno Bellbrook
1368,Gismo Tilling
1369,Doris Bellasis
1370,Fifi Eton
1371,Doris Bellasis
1372,Rupert Ripple
1373,Rupert Ripple
1374,Sunny Sladefield
1375,Gismo Tilling
1376,Fifi Eton
1377,Stacey Broad
1378,Sunny Sladefield
1379,Gismo Tilling
1380,Rupert Ripple
1381,Bruno Bellbrook
1382,Rupert Ripple
1383,Rupert Ripple
1384,Rupert Ripple
1385,Fifi Eton
1386,Bruno Bellbrook
1387,Rupert Ripple
1388,Rupert Ripple
1389,Bruno Bellbrook
1390,Gismo Tilling
1391,Fifi Eton
1392,Stacey Broad
1395,Rupert Ripple
1396,Rupert Ripple
1398,Doris Bellasis
1400,Doris Bellasis
1401,Sunny Sladefield
1402,Sunny Sladefield
1404,Doris Bellasis
1405,Stacey Broad
1407,Doris Bellasis
1408,Stacey Broad
1409,Stacey Broad
1410,Sunny Sladefield
1411,Gismo Tilling
1412,Fifi Eton
1413,Gismo Tilling
1414,Sunny Sladefield
1415,Gismo Tilling
1416,Stacey Broad
1417,Gismo Tilling
1418,Fifi Eton
1421,Gismo Tilling
1423,Bruno Bellbrook
1424,Stacey Broad
1425,Fifi Eton
1426,Bruno Bellbrook
1427,Stacey Broad
1428,Stacey Broad
1429,Bruno Bellbrook
1430,Gismo Tilling
1431,Sunny Sladefield
1432,Rupert Ripple
1434,Stacey Broad
1435,Fifi Eton
1436,Fifi Eton
1438,Doris Bellasis
1439,Gismo Tilling
1441,Rupert Ripple
1442,Stacey Broad
1443,Fifi Eton
1444,Gismo Tilling
1445,Rupert Ripple
1446,Rupert Ripple
1447,Rupert Ripple
1448,Doris Bellasis
1449,Doris Bellasis
1450,Sunny Sladefield
1451,Fifi Eton
1452,Gismo Tilling
1453,Rupert Ripple
1454,Gismo Tilling
1455,Gismo Tilling
1456,Rupert Ripple
1457,Rupert Ripple
1458,Gismo Tilling
1459,Fifi Eton
1460,Gismo Tilling
1461,Doris Bellasis
1462,Fifi Eton
1463,Fifi Eton
1464,Doris Bellasis
1465,Bruno Bellbrook
1466,Sunny Sladefield
1467,Rupert Ripple
1468,Fifi Eton
1469,Bruno Bellbrook
1470,Fifi Eton
1471,Fifi Eton
1472,Fifi Eton
1473,Doris Bellasis
1474,Fifi Eton
1475,Sunny Sladefield
1476,Gismo Tilling
1477,Gismo Tilling
1478,Stacey Broad
1479,Bruno Bellbrook
1480,Doris Bellasis
1481,Fifi Eton
1483,Gismo Tilling
1484,Rupert Ripple
1485,Doris Bellasis
1486,Gismo Tilling
1487,Gismo Tilling
1488,Bruno Bellbrook
1489,Gismo Tilling
1490,Doris Bellasis
1491,Rupert Ripple
1492,Fifi Eton
1493,Fifi Eton
1494,Fifi Eton
1496,Fifi Eton
1497,Rupert Ripple
1498,Rupert Ripple
1499,Doris Bellasis
1500,Sunny Sladefield
1501,Gismo Tilling
1502,Bruno Bellbrook
1503,Stacey Broad
1504,Stacey Broad
1505,Gismo Tilling
1506,Stacey Broad
1507,Gismo Tilling
1508,Sunny Sladefield
1509,Rupert Ripple
1510,Fifi Eton
1511,Bruno Bellbrook
1512,Bruno Bellbrook
1514,Fifi Eton
1515,Gismo Tilling
1516,Sunny Sladefield
1517,Gismo Tilling
1518,Gismo Tilling
1519,Rupert Ripple
1520,Fifi Eton
1521,Rupert Ripple
1522,Rupert Ripple
1523,Bruno Bellbrook
1524,Rupert Ripple
1525,Rupert Ripple
1526,Rupert Ripple
1527,Stacey Broad
1528,Sunny Sladefield
1529,Doris Bellasis
1530,Rupert Ripple
1532,Rupert Ripple
1533,Sunny Sladefield
1534,Stacey Broad
1535,Stacey Broad
1536,Stacey Broad
1537,Doris Bellasis
1538,Rupert Ripple
1540,Doris Bellasis
1541,Fifi Eton
1542,Gismo Tilling
1543,Fifi Eton
1544,Doris Bellasis
1545,Rupert Ripple
1546,Stacey Broad
1547,Fifi Eton
1548,Bruno Bellbrook
1549,Gismo Tilling
1550,Stacey Broad
1551,Sunny Sladefield
1553,Gismo Tilling
1554,Rupert Ripple
1555,Stacey Broad
1556,Fifi Eton
1557,Doris Bellasis
1558,Stacey Broad
1559,Bruno Bellbrook
1561,Doris Bellasis
1562,Sunny Sladefield
1563,Gismo Tilling
1564,Fifi Eton
1565,Sunny Sladefield
1566,Gismo Tilling
1567,Bruno Bellbrook
1568,Rupert Ripple
1569,Gismo Tilling
1571,Bruno Bellbrook
1572,Rupert Ripple
1573,Bruno Bellbrook
1574,Sunny Sladefield
1575,Rupert Ripple
1576,Sunny Sladefield
1577,Rupert Ripple
1578,Doris Bellasis
1579,Rupert Ripple
1580,Fifi Eton
1581,Rupert Ripple
1582,Fifi Eton
1583,Doris Bellasis
1584,Rupert Ripple
1585,Doris Bellasis
1586,Bruno Bellbrook
1587,Rupert Ripple
1588,Rupert Ripple
1589,Gismo Tilling
1590,Bruno Bellbrook
1591,Rupert Ripple
1592,Sunny Sladefield
1594,Bruno Bellbrook
1595,Rupert Ripple
1596,Bruno Bellbrook
1597,Stacey Broad
1598,Sunny Sladefield
1600,Sunny Sladefield
1601,Bruno Bellbrook
1603,Rupert Ripple
1604,Sunny Sladefield
1605,Doris Bellasis
1607,Gismo Tilling
1608,Stacey Broad
1609,Fifi Eton
1610,Sunny Sladefield
1612,Fifi Eton
1613,Bruno Bellbrook
1614,Fifi Eton
1615,Rupert Ripple
1616,Gismo Tilling
1617,Gismo Tilling
1618,Stacey Broad
1619,Doris Bellasis
1620,Fifi Eton
1621,Rupert Ripple
1622,Sunny Sladefield
1623,Rupert Ripple
1624,Stacey Broad
1625,Fifi Eton
1626,Stacey Broad
1627,Rupert Ripple
1628,Rupert Ripple
1630,Sunny Sladefield
1631,Gismo Tilling
1632,Gismo Tilling
1634,Fifi Eton
1635,Rupert Ripple
1636,Stacey Broad
1637,Stacey Broad
1638,Bruno Bellbrook
1639,Sunny Sladefield
1640,Doris Bellasis
1641,Doris Bellasis
1642,Gismo Tilling
1644,Fifi Eton
1645,Bruno Bellbrook
1646,Rupert Ripple
1648,Rupert Ripple
1649,Bruno Bellbrook
1650,Bruno Bellbrook
1651,Sunny Sladefield
1652,Doris Bellasis
1654,Stacey Broad
1655,Rupert Ripple
1656,Bruno Bellbrook
1657,Sunny Sladefield
1658,Stacey Broad
1659,Rupert Ripple
1660,Fifi Eton
1661,Gismo Tilling
1662,Gismo Tilling
1663,Rupert Ripple
1664,Gismo Tilling
1665,Doris Bellasis
1666,Gismo Tilling
1667,Rupert Ripple
1669,Bruno Bellbrook
1670,Bruno Bellbrook
1671,Gismo Tilling
1672,Rupert Ripple
1673,Fifi Eton
1674,Bruno Bellbrook
1675,Gismo Tilling
1676,Stacey Broad
1677,Fifi Eton
1678,Fifi Eton
1679,Gismo Tilling
1680,Sunny Sladefield
1681,Rupert Ripple
1682,Fifi Eton
1683,Stacey Broad
1684,Gismo Tilling
1685,Doris Bellasis
1686,Sunny Sladefield
1687,Stacey Broad
1688,Fifi Eton
1689,Bruno Bellbrook
1690,Sunny Sladefield
1691,Sunny Sladefield
1692,Bruno Bellbrook
1695,Rupert Ripple
1696,Rupert Ripple
1698,Gismo Tilling
1699,Gismo Tilling
1700,Bruno Bellbrook
1703,Rupert Ripple
1704,Stacey Broad
1705,Gismo Tilling
1707,Gismo Tilling
1708,Doris Bellasis
1710,Bruno Bellbrook
1711,Gismo Tilling
1712,Gismo Tilling
1713,Sunny Sladefield
1714,Rupert Ripple
1715,Gismo Tilling
1716,Bruno Bellbrook
1717,Bruno Bellbrook
1718,Bruno Bellbrook
1719,Doris Bellasis
1720,Doris Bellasis
1722,Bruno Bellbrook
1724,Fifi Eton
1725,Rupert Ripple
1726,Stacey Broad
1727,Doris Bellasis
1728,Rupert Ripple
1729,Gismo Tilling
1730,Doris Bellasis
1731,Bruno Bellbrook
1732,Fifi Eton
1733,Sunny Sladefield
1734,Bruno Bellbrook
1735,Gismo Tilling
1736,Doris Bellasis
1737,Rupert Ripple
1738,Bruno Bellbrook
1739,Bruno Bellbrook
1740,Fifi Eton
1741,Bruno Bellbrook
1742,Rupert Ripple
1743,Doris Bellasis
1744,Stacey Broad
1745,Gismo Tilling
1746,Stacey Broad
1747,Fifi Eton
1748,Bruno Bellbrook
1750,Gismo Tilling
1751,Rupert Ripple
1753,Rupert Ripple
1754,Stacey Broad
1755,Bruno Bellbrook
1756,Gismo Tilling
1758,Rupert Ripple
1760,Sunny Sladefield
1761,Gismo Tilling
1763,Fifi Eton
1764,Doris Bellasis
1765,Rupert Ripple
1766,Sunny Sladefield
1767,Stacey Broad
1769,Bruno Bellbrook
1770,Gismo Tilling
1771,Rupert Ripple
1773,Fifi Eton
1774,Bruno Bellbrook
1775,Stacey Broad
1776,Rupert Ripple
1777,Stacey Broad
1778,Rupert Ripple
1779,Doris Bellasis
1780,Sunny Sladefield
1782,Rupert Ripple
1783,Fifi Eton
1784,Stacey Broad
1785,Stacey Broad
1786,Doris Bellasis
1787,Fifi Eton
1788,Bruno Bellbrook
1789,Sunny Sladefield
1790,Rupert Ripple
1791,Rupert Ripple
1792,Gismo Tilling
1793,Bruno Bellbrook
1794,Stacey Broad
1795,Doris Bellasis
1796,Bruno Bellbrook
1797,Gismo Tilling
1798,Rupert Ripple
1799,Stacey Broad
1800,Rupert Ripple
1801,Stacey Broad
1802,Bruno Bellbrook
1803,Fifi Eton
1805,Sunny Sladefield
1806,Gismo Tilling
1807,Stacey Broad
1808,Stacey Broad
1809,Bruno Bellbrook
1811,Fifi Eton
1812,Fifi Eton
1813,Gismo Tilling
1814,Fifi Eton
1815,Rupert Ripple
1816,Bruno Bellbrook
1818,Rupert Ripple
1819,Gismo Tilling
1820,Stacey Broad
1821,Bruno Bellbrook
1822,Bruno Bellbrook
1823,Stacey Broad
1824,Sunny Sladefield
1825,Rupert Ripple
1826,Gismo Tilling
1828,Bruno Bellbrook
1829,Sunny Sladefield
1830,Stacey Broad
1831,Bruno Bellbrook
1832,Gismo Tilling
1833,Fifi Eton
1835,Gismo Tilling
1837,Gismo Tilling
1838,Gismo Tilling
1839,Doris Bellasis
1840,Bruno Bellbrook
1841,Sunny Sladefield
1842,Gismo Tilling
1843,Doris Bellasis
1845,Fifi Eton
1846,Doris Bellasis
1847,Fifi Eton
1848,Sunny Sladefield
1849,Doris Bellasis
1850,Fifi Eton
1851,Doris Bellasis
1852,Sunny Sladefield
1853,Gismo Tilling
1854,Doris Bellasis
1855,Rupert Ripple
1856,Rupert Ripple
1857,Stacey Broad
1858,Doris Bellasis
1859,Doris Bellasis
1860,Rupert Ripple
1861,Sunny Sladefield
1862,Doris Bellasis
1864,Bruno Bellbrook
1865,Sunny Sladefield
1866,Sunny Sladefield
1868,Rupert Ripple
1870,Doris Bellasis
1871,Gismo Tilling
1873,Sunny Sladefield
1874,Doris Bellasis
1875,Doris Bellasis
1876,Gismo Tilling
1877,Fifi Eton
1878,Stacey Broad
1879,Sunny Sladefield
1880,Stacey Broad
1881,Rupert Ripple
1882,Stacey Broad
1883,Sunny Sladefield
1884,Rupert Ripple
1885,Rupert Ripple
1886,Doris Bellasis
1888,Gismo Tilling
1889,Sunny Sladefield
1890,Doris Bellasis
1891,Gismo Tilling
1892,Bruno Bellbrook
1894,Doris Bellasis
1895,Rupert Ripple
1896,Bruno Bellbrook
1897,Rupert Ripple
1898,Rupert Ripple
1899,Doris Bellasis
1900,Stacey Broad
1901,Doris Bellasis
1902,Sunny Sladefield
1903,Fifi Eton
1904,Bruno Bellbrook
1905,Rupert Ripple
1906,Bruno Bellbrook
1908,Fifi Eton
1909,Gismo Tilling
1910,Stacey Broad
1911,Rupert Ripple
1912,Gismo Tilling
1913,Gismo Tilling
1914,Gismo Tilling
1915,Fifi Eton
1916,Rupert Ripple
1917,Bruno Bellbrook
1918,Fifi Eton
1919,Bruno Bellbrook
1920,Doris Bellasis
1921,Gismo Tilling
1923,Stacey Broad
1925,Rupert Ripple
1926,Sunny Sladefield
1927,Fifi Eton
1928,Sunny Sladefield
1929,Bruno Bellbrook
1930,Stacey Broad
1931,Fifi Eton
1933,Bruno Bellbrook
1935,Sunny Sladefield
1936,Rupert Ripple
1937,Sunny Sladefield
1938,Doris Bellasis
1940,Doris Bellasis
1941,Gismo Tilling
1942,Rupert Ripple
1944,Fifi Eton
1947,Rupert Ripple
1948,Stacey Broad
1949,Fifi Eton
1950,Bruno Bellbrook
1951,Gismo Tilling
1952,Bruno Bellbrook
1954,Doris Bellasis
1955,Rupert Ripple
1956,Stacey Broad
1957,Bruno Bellbrook
1958,Doris Bellasis
1959,Bruno Bellbrook
1960,Sunny Sladefield
1961,Doris Bellasis
1962,Stacey Broad
1964,Doris Bellasis
1965,Stacey Broad
1966,Fifi Eton
1967,Stacey Broad
1968,Sunny Sladefield
1969,Doris Bellasis
1970,Bruno Bellbrook
1971,Gismo Tilling
1972,Bruno Bellbrook
1973,Doris Bellasis
1974,Fifi Eton
1976,Gismo Tilling
1978,Gismo Tilling
1979,Fifi Eton
1980,Doris Bellasis
1982,Stacey Broad
1983,Sunny Sladefield
1984,Fifi Eton
1986,Rupert Ripple
1987,Rupert Ripple
1988,Gismo Tilling
1989,Fifi Eton
1990,Stacey Broad
1991,Doris Bellasis
1992,Rupert Ripple
1993,Stacey Broad
1994,Stacey Broad
1995,Doris Bellasis
1996,Rupert Ripple
1997,Doris Bellasis
1998,Stacey Broad
1999,Rupert Ripple
2000,Bruno Bellbrook
2001,Doris Bellasis
2002,Doris Bellasis
2003,Sunny Sladefield
2004,Stacey Broad
2005,Fifi Eton
2006,Sunny Sladefield
2007,Doris Bellasis
2008,Fifi Eton
2009,Fifi Eton
2010,Gismo Tilling
2011,Rupert Ripple
2012,Bruno Bellbrook
2013,Doris Bellasis
2014,Sunny Sladefield
2015,Rupert Ripple
2016,Rupert Ripple
2018,Doris Bellasis
2019,Gismo Tilling
2020,Sunny Sladefield
2021,Fifi Eton
2022,Rupert Ripple
2023,Doris Bellasis
2024,Fifi Eton
2025,Bruno Bellbrook
2026,Rupert Ripple
2028,Rupert Ripple
2029,Rupert Ripple
2030,Fifi Eton
2031,Rupert Ripple
2032,Rupert Ripple
2034,Fifi Eton
2035,Gismo Tilling
2036,Bruno Bellbrook
2037,Fifi Eton
2038,Gismo Tilling
2039,Stacey Broad
2040,Gismo Tilling
2041,Sunny Sladefield
2042,Sunny Sladefield
2043,Doris Bellasis
2044,Fifi Eton
2045,Doris Bellasis
2046,Fifi Eton
2047,Rupert Ripple
2048,Stacey Broad
2050,Gismo Tilling
2051,Bruno Bellbrook
2052,Gismo Tilling
2053,Rupert Ripple
2054,Fifi Eton
2055,Doris Bellasis
2056,Rupert Ripple
2057,Fifi Eton
2058,Sunny Sladefield
2059,Doris Bellasis
2060,Sunny Sladefield
2061,Gismo Tilling
2062,Rupert Ripple
2063,Stacey Broad
2064,Rupert Ripple
2065,Fifi Eton
2066,Fifi Eton
2067,Sunny Sladefield
2068,Rupert Ripple
2069,Sunny Sladefield
2070,Fifi Eton
2071,Stacey Broad
2072,Doris Bellasis
2073,Rupert Ripple
2075,Fifi Eton
2076,Gismo Tilling
2077,Rupert Ripple
2078,Bruno Bellbrook
2079,Rupert Ripple
2080,Gismo Tilling
2081,Stacey Broad
2082,Gismo Tilling
2084,Bruno Bellbrook
2085,Sunny Sladefield
2086,Stacey Broad
2087,Stacey Broad
2088,Sunny Sladefield
2089,Rupert Ripple
2092,Bruno Bellbrook
2093,Gismo Tilling
2095,Sunny Sladefield
2096,Sunny Sladefield
2097,Doris Bellasis
2098,Fifi Eton
2099,Stacey Broad
2100,Gismo Tilling
2101,Fifi Eton
2102,Sunny Sladefield
2103,Gismo Tilling
2104,Doris Bellasis
2105,Stacey Broad
2106,Rupert Ripple
2107,Gismo Tilling
2108,Doris Bellasis
2109,Sunny Sladefield
2110,Stacey Broad
2111,Fifi Eton
2112,Stacey Broad
2113,Rupert Ripple
2114,Fifi Eton
2116,Sunny Sladefield
2117,Rupert Ripple
2118,Gismo Tilling
2119,Doris Bellasis
2120,Fifi Eton
2121,Stacey Broad
2122,Doris Bellasis
2123,Rupert Ripple
2125,Gismo Tilling
2126,Bruno Bellbrook
2127,Sunny Sladefield
2128,Fifi Eton
2129,Bruno Bellbrook
2130,Gismo Tilling
2131,Gismo Tilling
2132,Fifi Eton
2133,Stacey Broad
2135,Rupert Ripple
2136,Stacey Broad
2137,Doris Bellasis
2139,Doris Bellasis
2140,Rupert Ripple
2142,Gismo Tilling
2143,Sunny Sladefield
2144,Doris Bellasis
2145,Gismo Tilling
2146,Fifi Eton
2147,Fifi Eton
2149,Sunny Sladefield
2150,Fifi Eton
2151,Bruno Bellbrook
2152,Rupert Ripple
2153,Sunny Sladefield
2154,Fifi Eton
2156,Sunny Sladefield
2157,Gismo Tilling
2158,Sunny Sladefield
2159,Doris Bellasis
2160,Doris Bellasis
2161,Rupert Ripple
2162,Stacey Broad
2163,Sunny Sladefield
2164,Stacey Broad
2165,Doris Bellasis
2166,Sunny Sladefield
2167,Stacey Broad
2168,Fifi Eton
2169,Stacey Broad
2170,Gismo Tilling
2171,Gismo Tilling
2172,Fifi Eton
2174,Bruno Bellbrook
2175,Doris Bellasis
2176,Sunny Sladefield
2178,Bruno Bellbrook
2179,Doris Bellasis
2180,Stacey Broad
2181,Rupert Ripple
2182,Gismo Tilling
2184,Rupert Ripple
2185,Doris Bellasis
2186,Sunny Sladefield
2187,Bruno Bellbrook
2188,Rupert Ripple
2189,Doris Bellasis
2190,Sunny Sladefield
2191,Sunny Sladefield
2192,Doris Bellasis
2193,Doris Bellasis
2194,Bruno Bellbrook
2195,Rupert Ripple
2196,Fifi Eton
2198,Stacey Broad
2199,Rupert Ripple
2200,Fifi Eton
2202,Stacey Broad
2203,Stacey Broad
2204,Bruno Bellbrook
2205,Bruno Bellbrook
2206,Gismo Tilling
2207,Gismo Tilling
2208,Doris Bellasis
2209,Rupert Ripple
2210,Doris Bellasis
2211,Sunny Sladefield
2212,Bruno Bellbrook
2213,Stacey Broad
2214,Gismo Tilling
2215,Fifi Eton
2216,Gismo Tilling
2217,Rupert Ripple
2218,Gismo Tilling
2219,Fifi Eton
2220,Stacey Broad
2221,Gismo Tilling
2222,Doris Bellasis
2223,Stacey Broad
2224,Fifi Eton
2226,Sunny Sladefield
2228,Bruno Bellbrook
2229,Sunny Sladefield
2231,Bruno Bellbrook
2232,Gismo Tilling
2233,Stacey Broad
2234,Sunny Sladefield
2235,Bruno Bellbrook
2236,Stacey Broad
2237,Gismo Tilling
2238,Fifi Eton
2239,Fifi Eton
2240,Fifi Eton
2241,Sunny Sladefield
2242,Sunny Sladefield
2243,Bruno Bellbrook
2244,Doris Bellasis
2245,Doris Bellasis
2246,Rupert Ripple
2247,Rupert Ripple
2248,Fifi Eton
2249,Bruno Bellbrook
2250,Gismo Tilling
2251,Fifi Eton
2254,Gismo Tilling
2255,Bruno Bellbrook
2256,Sunny Sladefield
2257,Rupert Ripple
2258,Stacey Broad
2259,Bruno Bellbrook
2260,Doris Bellasis
2261,Doris Bellasis
2262,Rupert Ripple
2263,Stacey Broad
2264,Gismo Tilling
2265,Doris Bellasis
2266,Stacey Broad
2267,Stacey Broad
2268,Rupert Ripple
2269,Stacey Broad
2270,Doris Bellasis
2271,Gismo Tilling
2273,Doris Bellasis
2274,Sunny Sladefield
2275,Rupert Ripple
2276,Fifi Eton
2277,Stacey Broad
2278,Rupert Ripple
2279,Fifi Eton
2280,Sunny Sladefield
2281,Sunny Sladefield
2282,Gismo Tilling
2283,Bruno Bellbrook
2284,Gismo Tilling
2285,Rupert Ripple
2286,Bruno Bellbrook
2287,Gismo Tilling
2288,Bruno Bellbrook
2289,Rupert Ripple
2291,Bruno Bellbrook
2292,Fifi Eton
2293,Rupert Ripple
2295,Gismo Tilling
2296,Fifi Eton
2297,Stacey Broad
2298,Stacey Broad
2299,Rupert Ripple
2300,Rupert Ripple
2301,Sunny Sladefield
2302,Sunny Sladefield
2304,Fifi Eton
2305,Fifi Eton
2306,Bruno Bellbrook
2307,Fifi Eton
2308,Rupert Ripple
2309,Stacey Broad
2310,Bruno Bellbrook
2311,Rupert Ripple
2312,Doris Bellasis
2313,Bruno Bellbrook
2314,Fifi Eton
2315,Stacey Broad
2316,Rupert Ripple
2317,Doris Bellasis
2319,Gismo Tilling
2321,Rupert Ripple
2322,Doris Bellasis
2323,Gismo Tilling
2324,Fifi Eton
2325,Rupert Ripple
2326,Gismo Tilling
2327,Fifi Eton
2328,Fifi Eton
2329,Doris Bellasis
2330,Fifi Eton
2331,Fifi Eton
2332,Sunny Sladefield
2333,Fifi Eton
2334,Rupert Ripple
2335,Gismo Tilling
2336,Gismo Tilling
2337,Stacey Broad
2338,Gismo Tilling
2339,Bruno Bellbrook
2340,Doris Bellasis
2342,Bruno Bellbrook
2343,Doris Bellasis
2344,Rupert Ripple
2345,Gismo Tilling
2346,Stacey Broad
2347,Sunny Sladefield
2348,Rupert Ripple
2349,Stacey Broad
2350,Rupert Ripple
2351,Bruno Bellbrook
2352,Stacey Broad
2353,Gismo Tilling
2357,Gismo Tilling
2358,Doris Bellasis
2359,Gismo Tilling
2360,Gismo Tilling
2361,Fifi Eton
2362,Sunny Sladefield
2363,Stacey Broad
2364,Rupert Ripple
2365,Sunny Sladefield
2366,Rupert Ripple
2367,Gismo Tilling
2369,Rupert Ripple
2370,Fifi Eton
2371,Gismo Tilling
2372,Fifi Eton
2373,Sunny Sladefield
2374,Stacey Broad
2375,Bruno Bellbrook
2376,Stacey Broad
2377,Fifi Eton
2378,Fifi Eton
2379,Bruno Bellbrook
2380,Stacey Broad
2381,Doris Bellasis
2382,Bruno Bellbrook
2384,Doris Bellasis
2385,Gismo Tilling
2386,Sunny Sladefield
2387,Fifi Eton
2388,Doris Bellasis
2389,Fifi Eton
2390,Rupert Ripple
2391,Doris Bellasis
2392,Rupert Ripple
2393,Doris Bellasis
2394,Stacey Broad
2395,Fifi Eton
2396,Gismo Tilling
2397,Gismo Tilling
2399,Gismo Tilling
2400,Rupert Ripple
2402,Doris Bellasis
2403,Gismo Tilling
2405,Gismo Tilling
2406,Stacey Broad
2409,Rupert Ripple
2410,Doris Bellasis
2411,Fifi Eton
2412,Doris Bellasis
2413,Bruno Bellbrook
2414,Gismo Tilling
2415,Gismo Tilling
2416,Stacey Broad
2418,Rupert Ripple
2419,Stacey Broad
2420,Gismo Tilling
2421,Sunny Sladefield
2422,Rupert Ripple
2423,Gismo Tilling
2424,Rupert Ripple
2425,Rupert Ripple
2426,Bruno Bellbrook
2427,Rupert Ripple
2428,Fifi Eton
2429,Bruno Bellbrook
2431,Doris Bellasis
2432,Gismo Tilling
2433,Fifi Eton
2434,Rupert Ripple
2435,Bruno Bellbrook
2436,Fifi Eton
2437,Stacey Broad
2438,Doris Bellasis
2439,Gismo Tilling
2440,Sunny Sladefield
2441,Gismo Tilling
2443,Sunny Sladefield
2444,Gismo Tilling
2445,Doris Bellasis
2446,Rupert Ripple
2447,Rupert Ripple
2448,Stacey Broad
2449,Stacey Broad
2450,Rupert Ripple
2451,Doris Bellasis
2452,Rupert Ripple
2453,Bruno Bellbrook
2454,Stacey Broad
2455,Fifi Eton
2456,Gismo Tilling
2457,Doris Bellasis
2458,Fifi Eton
2459,Bruno Bellbrook
2460,Bruno Bellbrook
2462,Stacey Broad
2463,Doris Bellasis
2464,Stacey Broad
2465,Doris Bellasis
2466,Gismo Tilling
2467,Doris Bellasis
2468,Fifi Eton
2470,Fifi Eton
2472,Bruno Bellbrook
2473,Doris Bellasis
2474,Rupert Ripple
2475,Doris Bellasis
2476,Doris Bellasis
2477,Rupert Ripple
2478,Doris Bellasis
2480,Sunny Sladefield
2481,Doris Bellasis
2482,Doris Bellasis
2483,Sunny Sladefield
2484,Gismo Tilling
2485,Stacey Broad
2486,Doris Bellasis
2488,Stacey Broad
2489,Doris Bellasis
2490,Rupert Ripple
2491,Doris Bellasis
2492,Stacey Broad
2493,Rupert Ripple
2495,Fifi Eton
2496,Bruno Bellbrook
2497,Gismo Tilling
2498,Fifi Eton
2499,Doris Bellasis
2500,Bruno Bellbrook
2501,Sunny Sladefield
2502,Rupert Ripple
2503,Sunny Sladefield
2504,Rupert Ripple
2505,Bruno Bellbrook
2506,Fifi Eton
2507,Rupert Ripple
2508,Bruno Bellbrook
2509,Rupert Ripple
2510,Bruno Bellbrook
2511,Bruno Bellbrook
2512,Bruno Bellbrook
2513,Sunny Sladefield
2514,Bruno Bellbrook
2515,Doris Bellasis
2517,Rupert Ripple
2518,Bruno Bellbrook
2521,Fifi Eton
2522,Rupert Ripple
2523,Doris Bellasis
2524,Rupert Ripple
2525,Fifi Eton
2526,Sunny Sladefield
2528,Gismo Tilling
2529,Doris Bellasis
2530,Sunny Sladefield
2531,Doris Bellasis
2532,Rupert Ripple
2533,Bruno Bellbrook
2534,Fifi Eton
2535,Gismo Tilling
2536,Doris Bellasis
2537,Bruno Bellbrook
2538,Bruno Bellbrook
2539,Gismo Tilling
2540,Bruno Bellbrook
2541,Fifi Eton
2542,Fifi Eton
2544,Sunny Sladefield
2545,Stacey Broad
2546,Sunny Sladefield
2547,Rupert Ripple
2548,Rupert Ripple
2549,Rupert Ripple
2550,Sunny Sladefield
2551,Bruno Bellbrook
2552,Fifi Eton
2555,Sunny Sladefield
2557,Stacey Broad
2559,Stacey Broad
2560,Fifi Eton
2561,Gismo Tilling
2562,Doris Bellasis
2563,Rupert Ripple
2566,Fifi Eton
2567,Bruno Bellbrook
2568,Sunny Sladefield
2569,Doris Bellasis
2570,Fifi Eton
2571,Bruno Bellbrook
2572,Rupert Ripple
2573,Fifi Eton
2574,Fifi Eton
2575,Doris Bellasis
2576,Rupert Ripple
2577,Rupert Ripple
2578,Doris Bellasis
2579,Gismo Tilling
2580,Rupert Ripple
2581,Doris Bellasis
2583,Sunny Sladefield
2584,Fifi Eton
2585,Bruno Bellbrook
2586,Doris Bellasis
2587,Bruno Bellbrook
2588,Bruno Bellbrook
2589,Stacey Broad
2590,Sunny Sladefield
2591,Rupert Ripple
2592,Doris Bellasis
2593,Stacey Broad
2595,Gismo Tilling
2596,Doris Bellasis
2597,Gismo Tilling
2598,Rupert Ripple
2599,Fifi Eton
2600,Stacey Broad
2601,Fifi Eton
2602,Doris Bellasis
2603,Gismo Tilling
2604,Doris Bellasis
2605,Fifi Eton
2606,Gismo Tilling
2607,Doris Bellasis
2608,Rupert Ripple
2609,Doris Bellasis
2610,Rupert Ripple
2611,Gismo Tilling
2612,Doris Bellasis
2613,Stacey Broad
2614,Gismo Tilling
2615,Bruno Bellbrook
2616,Bruno Bellbrook
2617,Rupert Ripple
2618,Fifi Eton
2621,Fifi Eton
2622,Fifi Eton
2623,Bruno Bellbrook
2624,Bruno Bellbrook
2625,Gismo Tilling
2626,Sunny Sladefield
2627,Sunny Sladefield
2628,Rupert Ripple
2629,Doris Bellasis
2630,Rupert Ripple
2631,Bruno Bellbrook
2632,Doris Bellasis
2633,Sunny Sladefield
2634,Doris Bellasis
2635,Doris Bellasis
2638,Gismo Tilling
2639,Rupert Ripple
2640,Bruno Bellbrook
2641,Bruno Bellbrook
2642,Fifi Eton
2643,Doris Bellasis
2644,Fifi Eton
2645,Fifi Eton
2646,Doris Bellasis
2647,Sunny Sladefield
2648,Stacey Broad
2649,Rupert Ripple
2650,Doris Bellasis
2651,Sunny Sladefield
2654,Rupert Ripple
2656,Rupert Ripple
2657,Rupert Ripple
2658,Stacey Broad
2659,Doris Bellasis
2660,Doris Bellasis
2661,Fifi Eton
2662,Stacey Broad
2663,Doris Bellasis
2664,Doris Bellasis
2666,Fifi Eton
2667,Rupert Ripple
2668,Bruno Bellbrook
2669,Fifi Eton
2670,Doris Bellasis
2671,Sunny Sladefield
2672,Doris Bellasis
2673,Gismo Tilling
2674,Bruno Bellbrook
2675,Rupert Ripple
2676,Bruno Bellbrook
2677,Doris Bellasis
2679,Stacey Broad
2680,Sunny Sladefield
2682,Fifi Eton
2683,Gismo Tilling
2685,Fifi Eton
2686,Bruno Bellbrook
2687,Fifi Eton
2690,Doris Bellasis
2692,Doris Bellasis
2693,Bruno Bellbrook
2695,Fifi Eton
2696,Stacey Broad
2697,Bruno Bellbrook
2698,Bruno Bellbrook
2699,Fifi Eton
2700,Bruno Bellbrook
2701,Stacey Broad
2702,Doris Bellasis
2703,Fifi Eton
2704,Stacey Broad
2705,Rupert Ripple
2706,Stacey Broad
2708,Sunny Sladefield
2709,Sunny Sladefield
2710,Rupert Ripple
2711,Bruno Bellbrook
2712,Fifi Eton
2713,Bruno Bellbrook
2714,Sunny Sladefield
2715,Stacey Broad
2716,Doris Bellasis
2717,Stacey Broad
2719,Doris Bellasis
2720,Bruno Bellbrook
2721,Bruno Bellbrook
2722,Doris Bellasis
2723,Stacey Broad
2724,Gismo Tilling
2725,Rupert Ripple
2726,Gismo Tilling
2727,Stacey Broad
2728,Stacey Broad
2729,Gismo Tilling
2730,Rupert Ripple
2731,Stacey Broad
2732,Doris Bellasis
2733,Stacey Broad
2734,Stacey Broad
2735,Rupert Ripple
2736,Sunny Sladefield
2737,Fifi Eton
2738,Bruno Bellbrook
2739,Stacey Broad
2740,Doris Bellasis
2741,Gismo Tilling
2742,Rupert Ripple
2743,Doris Bellasis
2744,Rupert Ripple
2745,Rupert Ripple
2746,Gismo Tilling
2747,Fifi Eton
2748,Rupert Ripple
2749,Rupert Ripple
2751,Doris Bellasis
2752,Rupert Ripple
2753,Doris Bellasis
2754,Bruno Bellbrook
2755,Fifi Eton
2756,Rupert Ripple
2757,Sunny Sladefield
2760,Fifi Eton
2761,Fifi Eton
2762,Sunny Sladefield
2763,Rupert Ripple
2764,Rupert Ripple
2765,Fifi Eton
2766,Stacey Broad
2769,Gismo Tilling
2770,Stacey Broad
2771,Rupert Ripple
2772,Sunny Sladefield
2773,Gismo Tilling
2774,Stacey Broad
2775,Rupert Ripple
2776,Fifi Eton
2777,Gismo Tilling
2778,Bruno Bellbrook
2779,Gismo Tilling
2780,Doris Bellasis
2781,Doris Bellasis
2782,Sunny Sladefield
2783,Gismo Tilling
2784,Fifi Eton
2785,Doris Bellasis
2786,Stacey Broad
2787,Bruno Bellbrook
2788,Bruno Bellbrook
2789,Rupert Ripple
2790,Gismo Tilling
2791,Sunny Sladefield
2792,Doris Bellasis
2794,Bruno Bellbrook
2795,Sunny Sladefield
2797,Gismo Tilling
2798,Stacey Broad
2799,Gismo Tilling
2801,Rupert Ripple
2802,Bruno Bellbrook
2803,Gismo Tilling
2804,Rupert Ripple
2805,Gismo Tilling
2806,Stacey Broad
2807,Fifi Eton
2808,Stacey Broad
2809,Rupert Ripple
2810,Rupert Ripple
2811,Fifi Eton
2812,Stacey Broad
2813,Bruno Bellbrook
2814,Bruno Bellbrook
2815,Doris Bellasis
2816,Fifi Eton
2818,Bruno Bellbrook
2820,Bruno Bellbrook
2821,Stacey Broad
2822,Gismo Tilling
2823,Rupert Ripple
2824,Fifi Eton
2825,Sunny Sladefield
2826,Bruno Bellbrook
2828,Doris Bellasis
2829,Stacey Broad
2830,Gismo Tilling
2831,Gismo Tilling
2833,Stacey Broad
2835,Doris Bellasis
2836,Bruno Bellbrook
2837,Bruno Bellbrook
2838,Rupert Ripple
2839,Bruno Bellbrook
2840,Sunny Sladefield
2841,Sunny Sladefield
2842,Bruno Bellbrook
2843,Gismo Tilling
2844,Rupert Ripple
2845,Bruno Bellbrook
2847,Bruno Bellbrook
2848,Stacey Broad
2849,Stacey Broad
2850,Sunny Sladefield
2851,Rupert Ripple
2852,Bruno Bellbrook
2855,Doris Bellasis
2856,Fifi Eton
2857,Bruno Bellbrook
2858,Rupert Ripple
2859,Fifi Eton
2860,Rupert Ripple
2861,Gismo Tilling
2862,Doris Bellasis
2863,Fifi Eton
2865,Gismo Tilling
2866,Rupert Ripple
2867,Rupert Ripple
2868,Gismo Tilling
2869,Rupert Ripple
2870,Gismo Tilling
2871,Gismo Tilling
2872,Fifi Eton
2873,Stacey Broad
2874,Doris Bellasis
2875,Bruno Bellbrook
2876,Doris Bellasis
2877,Gismo Tilling
2878,Rupert Ripple
2879,Rupert Ripple
2880,Rupert Ripple
2881,Sunny Sladefield
2882,Stacey Broad
2884,Sunny Sladefield
2885,Bruno Bellbrook
2887,Stacey Broad
2888,Bruno Bellbrook
2889,Rupert Ripple
2890,Bruno Bellbrook
2891,Sunny Sladefield
2892,Stacey Broad
2893,Stacey Broad
2894,Gismo Tilling
2895,Gismo Tilling
2896,Stacey Broad
2897,Gismo Tilling
2898,Stacey Broad
2899,Bruno Bellbrook
2900,Sunny Sladefield
2901,Rupert Ripple
2902,Rupert Ripple
2904,Sunny Sladefield
2905,Rupert Ripple
2906,Gismo Tilling
2907,Bruno Bellbrook
2908,Sunny Sladefield
2910,Fifi Eton
2911,Rupert Ripple
2912,Stacey Broad
2913,Fifi Eton
2914,Doris Bellasis
2915,Bruno Bellbrook
2916,Gismo Tilling
2919,Bruno Bellbrook
2920,Rupert Ripple
2921,Bruno Bellbrook
2922,Gismo Tilling
2923,Bruno Bellbrook
2924,Bruno Bellbrook
2925,Sunny Sladefield
2926,Rupert Ripple
2927,Gismo Tilling
2929,Doris Bellasis
2930,Bruno Bellbrook
2931,Fifi Eton
2932,Stacey Broad
2933,Sunny Sladefield
2934,Doris Bellasis
2935,Fifi Eton
2936,Gismo Tilling
2937,Doris Bellasis
2938,Rupert Ripple
2939,Gismo Tilling
2941,Fifi Eton
2942,Doris Bellasis
2943,Stacey Broad
2944,Stacey Broad
2945,Stacey Broad
2946,Rupert Ripple
2947,Doris Bellasis
2948,Rupert Ripple
2949,Gismo Tilling
2950,Bruno Bellbrook
2951,Gismo Tilling
2952,Doris Bellasis
2953,Stacey Broad
2954,Rupert Ripple
2955,Fifi Eton
2957,Bruno Bellbrook
2958,Stacey Broad
2959,Fifi Eton
2960,Rupert Ripple
2961,Stacey Broad
2962,Stacey Broad
2963,Sunny Sladefield
2964,Fifi Eton
2965,Sunny Sladefield
2966,Rupert Ripple
2967,Sunny Sladefield
2968,Rupert Ripple
2969,Bruno Bellbrook
2970,Fifi Eton
2971,Doris Bellasis
2972,Rupert Ripple
2973,Bruno Bellbrook
2974,Gismo Tilling
2975,Sunny Sladefield
2976,Fifi Eton
2977,Doris Bellasis
2978,Bruno Bellbrook
2979,Fifi Eton
2980,Sunny Sladefield
2981,Doris Bellasis
2982,Bruno Bellbrook
2984,Doris Bellasis
2985,Sunny Sladefield
2986,Fifi Eton
2987,Gismo Tilling
2989,Rupert Ripple
2990,Bruno Bellbrook
2991,Rupert Ripple
2992,Gismo Tilling
2993,Stacey Broad
2994,Sunny Sladefield
2995,Bruno Bellbrook
2996,Rupert Ripple
2997,Doris Bellasis
2998,Gismo Tilling
2999,Sunny Sladefield
3001,Doris Bellasis
3002,Fifi Eton
3003,Doris Bellasis
3005,Bruno Bellbrook
3006,Rupert Ripple
3007,Sunny Sladefield
3008,Bruno Bellbrook
3009,Sunny Sladefield
3010,Fifi Eton
3011,Sunny Sladefield
3013,Bruno Bellbrook
3014,Fifi Eton
3015,Rupert Ripple
3016,Rupert Ripple
3017,Doris Bellasis
3018,Rupert Ripple
3019,Gismo Tilling
3020,Gismo Tilling
3021,Bruno Bellbrook
3022,Rupert Ripple
3023,Sunny Sladefield
3024,Gismo Tilling
3025,Bruno Bellbrook
3027,Doris Bellasis
3028,Doris Bellasis
3029,Rupert Ripple
3030,Gismo Tilling
3031,Bruno Bellbrook
3032,Fifi Eton
3033,Rupert Ripple
3034,Doris Bellasis
3036,Stacey Broad
3037,Fifi Eton
3038,Doris Bellasis
3039,Bruno Bellbrook
3040,Rupert Ripple
3041,Doris Bellasis
3042,Gismo Tilling
3043,Stacey Broad
3044,Doris Bellasis
3046,Sunny Sladefield
3047,Fifi Eton
3048,Rupert Ripple
3049,Stacey Broad
3050,Bruno Bellbrook
3051,Gismo Tilling
3052,Fifi Eton
3053,Fifi Eton
3054,Gismo Tilling
3055,Fifi Eton
3056,Sunny Sladefield
3058,Doris Bellasis
3059,Gismo Tilling
3060,Sunny Sladefield
3061,Rupert Ripple
3063,Bruno Bellbrook
3064,Gismo Tilling
3067,Gismo Tilling
3068,Bruno Bellbrook
3070,Bruno Bellbrook
3071,Gismo Tilling
3073,Fifi Eton
3074,Doris Bellasis
3075,Doris Bellasis
3076,Rupert Ripple
3077,Bruno Bellbrook
3078,Sunny Sladefield
3080,Rupert Ripple
3081,Rupert Ripple
3082,Sunny Sladefield
3083,Stacey Broad
3084,Stacey Broad
3085,Sunny Sladefield
3086,Gismo Tilling
3087,Rupert Ripple
3088,Bruno Bellbrook
3089,Sunny Sladefield
3090,Gismo Tilling
3091,Gismo Tilling
3092,Bruno Bellbrook
3093,Fifi Eton
3094,Sunny Sladefield
3095,Bruno Bellbrook
3096,Sunny Sladefield
3097,Sunny Sladefield
3098,Doris Bellasis
3099,Bruno Bellbrook
3100,Sunny Sladefield
3101,Stacey Broad
3102,Gismo Tilling
3103,Fifi Eton
3104,Sunny Sladefield
3105,Bruno Bellbrook
3106,Bruno Bellbrook
3107,Fifi Eton
3108,Stacey Broad
3111,Stacey Broad
3112,Sunny Sladefield
3113,Sunny Sladefield
3114,Bruno Bellbrook
3115,Sunny Sladefield
3116,Rupert Ripple
3117,Sunny Sladefield
3118,Gismo Tilling
3119,Stacey Broad
3120,Rupert Ripple
3121,Gismo Tilling
3123,Sunny Sladefield
3124,Rupert Ripple
3125,Stacey Broad
3126,Bruno Bellbrook
3127,Bruno Bellbrook
3128,Doris Bellasis
3130,Rupert Ripple
3131,Gismo Tilling
3132,Sunny Sladefield
3133,Stacey Broad
3134,Doris Bellasis
3135,Stacey Broad
3136,Doris Bellasis
3137,Rupert Ripple
3138,Bruno Bellbrook
3140,Gismo Tilling
3141,Gismo Tilling
3143,Gismo Tilling
3144,Fifi Eton
3145,Sunny Sladefield
3146,Stacey Broad
3147,Sunny Sladefield
3148,Bruno Bellbrook
3149,Fifi Eton
3150,Bruno Bellbrook
3151,Bruno Bellbrook
3152,Sunny Sladefield
3153,Bruno Bellbrook
3154,Fifi Eton
3155,Stacey Broad
3156,Sunny Sladefield
3157,Bruno Bellbrook
3158,Bruno Bellbrook
3159,Sunny Sladefield
3160,Bruno Bellbrook
3161,Doris Bellasis
3162,Rupert Ripple
3163,Stacey Broad
3165,Rupert Ripple
3166,Fifi Eton
3167,Bruno Bellbrook
3168,Gismo Tilling
3170,Bruno Bellbrook
3171,Stacey Broad
3172,Gismo Tilling
3174,Stacey Broad
3175,Bruno Bellbrook
3176,Sunny Sladefield
3177,Bruno Bellbrook
3178,Fifi Eton
3180,Gismo Tilling
3181,Doris Bellasis
3182,Gismo Tilling
3183,Rupert Ripple
3184,Sunny Sladefield
3185,Gismo Tilling
3186,Sunny Sladefield
3187,Fifi Eton
3189,Doris Bellasis
3190,Rupert Ripple
3192,Bruno Bellbrook
3193,Gismo Tilling
3194,Fifi Eton
3195,Bruno Bellbrook
3196,Doris Bellasis
3197,Gismo Tilling
3198,Bruno Bellbrook
3199,Sunny Sladefield
3200,Bruno Bellbrook
3201,Doris Bellasis
3202,Gismo Tilling
3203,Rupert Ripple
3204,Bruno Bellbrook
3205,Gismo Tilling
3206,Fifi Eton
3207,Sunny Sladefield
3208,Sunny Sladefield
3209,Gismo Tilling
3210,Sunny Sladefield
3211,Fifi Eton
3212,Bruno Bellbrook
3213,Gismo Tilling
3217,Sunny Sladefield
3218,Doris Bellasis
3219,Sunny Sladefield
3220,Bruno Bellbrook
3221,Stacey Broad
3222,Bruno Bellbrook
3223,Doris Bellasis
3224,Doris Bellasis
3225,Bruno Bellbrook
3226,Doris Bellasis
3227,Doris Bellasis
3228,Rupert Ripple
3229,Doris Bellasis
3230,Fifi Eton
3231,Sunny Sladefield
3232,Stacey Broad
3233,Rupert Ripple
3234,Stacey Broad
3235,Gismo Tilling
3236,Stacey Broad
3237,Bruno Bellbrook
3238,Stacey Broad
3239,Doris Bellasis
3240,Doris Bellasis
3241,Sunny Sladefield
3242,Stacey Broad
3243,Gismo Tilling
3244,Bruno Bellbrook
3245,Bruno Bellbrook
3246,Stacey Broad
3248,Fifi Eton
3249,Gismo Tilling
3250,Gismo Tilling
3251,Rupert Ripple
3252,Sunny Sladefield
3255,Doris Bellasis
3256,Gismo Tilling
3257,Rupert Ripple
3258,Bruno Bellbrook
3260,Doris Bellasis
3261,Sunny Sladefield
3262,Doris Bellasis
3263,Stacey Broad
3264,Gismo Tilling
3266,Doris Bellasis
3267,Doris Bellasis
3268,Sunny Sladefield
3269,Doris Bellasis
3271,Stacey Broad
3273,Rupert Ripple
3274,Stacey Broad
3276,Fifi Eton
3277,Rupert Ripple
3278,Fifi Eton
3279,Rupert Ripple
3280,Gismo Tilling
3281,Gismo Tilling
3282,Stacey Broad
3284,Fifi Eton
3285,Gismo Tilling
3286,Stacey Broad
3287,Doris Bellasis
3288,Sunny Sladefield
3289,Gismo Tilling
3290,Gismo Tilling
3292,Doris Bellasis
3294,Rupert Ripple
3295,Rupert Ripple
3297,Doris Bellasis
3298,Gismo Tilling
3299,Gismo Tilling
3300,Rupert Ripple
3301,Gismo Tilling
3302,Doris Bellasis
3303,Stacey Broad
3304,Fifi Eton
3305,Rupert Ripple
3306,Fifi Eton
3307,Rupert Ripple
3308,Bruno Bellbrook
3309,Bruno Bellbrook
3310,Stacey Broad
3311,Bruno Bellbrook
3314,Rupert Ripple
3315,Fifi Eton
3318,Gismo Tilling
3319,Sunny Sladefield
3321,Gismo Tilling
3323,Doris Bellasis
3324,Fifi Eton
3325,Gismo Tilling
3326,Fifi Eton
3327,Gismo Tilling
3328,Bruno Bellbrook
3329,Gismo Tilling
3331,Gismo Tilling
3332,Bruno Bellbrook
3334,Rupert Ripple
3335,Fifi Eton
3336,Gismo Tilling
3339,Gismo Tilling
3340,Doris Bellasis
3341,Stacey Broad
3342,Stacey Broad
3343,Gismo Tilling
3345,Bruno Bellbrook
3346,Rupert Ripple
3347,Gismo Tilling
3348,Doris Bellasis
3349,Stacey Broad
3351,Gismo Tilling
3352,Gismo Tilling
3354,Sunny Sladefield
3355,Stacey Broad
3356,Rupert Ripple
3357,Fifi Eton
3358,Bruno Bellbrook
3359,Fifi Eton
3360,Rupert Ripple
3361,Sunny Sladefield
3362,Stacey Broad
3363,Gismo Tilling
3364,Rupert Ripple
3365,Fifi Eton
3366,Doris Bellasis
3367,Doris Bellasis
3368,Bruno Bellbrook
3370,Doris Bellasis
3371,Rupert Ripple
3372,Gismo Tilling
3373,Rupert Ripple
3374,Stacey Broad
3375,Bruno Bellbrook
3376,Sunny Sladefield
3377,Gismo Tilling
3378,Stacey Broad
3379,Gismo Tilling
3380,Rupert Ripple
3381,Bruno Bellbrook
3383,Stacey Broad
3384,Stacey Broad
3385,Stacey Broad
3386,Rupert Ripple
3387,Bruno Bellbrook
3388,Rupert Ripple
3390,Doris Bellasis
3391,Stacey Broad
3392,Rupert Ripple
3394,Doris Bellasis
3395,Stacey Broad
3396,Stacey Broad
3397,Fifi Eton
3398,Bruno Bellbrook
3399,Gismo Tilling
3400,Doris Bellasis
3401,Sunny Sladefield
3402,Doris Bellasis
3403,Bruno Bellbrook
3404,Rupert Ripple
3405,Fifi Eton
3406,Rupert Ripple
3407,Sunny Sladefield
3408,Stacey Broad
3409,Rupert Ripple
3411,Bruno Bellbrook
3412,Doris Bellasis
3413,Gismo Tilling
3414,Sunny Sladefield
3415,Doris Bellasis
3416,Rupert Ripple
3417,Stacey Broad
3418,Bruno Bellbrook
3420,Rupert Ripple
3421,Bruno Bellbrook
3422,Doris Bellasis
3423,Bruno Bellbrook
3424,Fifi Eton
3425,Bruno Bellbrook
3426,Sunny Sladefield
3427,Sunny Sladefield
3428,Rupert Ripple
3429,Gismo Tilling
3430,Rupert Ripple
3431,Gismo Tilling
3433,Gismo Tilling
3434,Stacey Broad
3435,Rupert Ripple
3436,Sunny Sladefield
3437,Bruno Bellbrook
3438,Sunny Sladefield
3439,Rupert Ripple
3440,Doris Bellasis
3441,Doris Bellasis
3442,Fifi Eton
3443,Fifi Eton
3444,Bruno Bellbrook
3446,Doris Bellasis
3447,Doris Bellasis
3448,Bruno Bellbrook
3449,Fifi Eton
3451,Doris Bellasis
3452,Rupert Ripple
3453,Bruno Bellbrook
3454,Rupert Ripple
3455,Sunny Sladefield
3456,Stacey Broad
3457,Fifi Eton
3459,Stacey Broad
3460,Doris Bellasis
3461,Stacey Broad
3462,Fifi Eton
3463,Sunny Sladefield
3464,Sunny Sladefield
3465,Doris Bellasis
3466,Fifi Eton
3467,Bruno Bellbrook
3468,Doris Bellasis
3469,Fifi Eton
3471,Stacey Broad
3472,Rupert Ripple
3473,Fifi Eton
3474,Stacey Broad
3475,Gismo Tilling
3476,Stacey Broad
3478,Bruno Bellbrook
3479,Bruno Bellbrook
3480,Bruno Bellbrook
3481,Fifi Eton
3482,Sunny Sladefield
3484,Gismo Tilling
3485,Fifi Eton
3486,Gismo Tilling
3487,Fifi Eton
3488,Fifi Eton
3489,Bruno Bellbrook
3490,Gismo Tilling
3491,Stacey Broad
3492,Sunny Sladefield
3493,Fifi Eton
3494,Stacey Broad
3495,Stacey Broad
3496,Rupert Ripple
3497,Gismo Tilling
3498,Rupert Ripple
3499,Doris Bellasis
3500,Stacey Broad
3501,Fifi Eton
3502,Rupert Ripple
3504,Fifi Eton
3505,Sunny Sladefield
3506,Doris Bellasis
3508,Fifi Eton
3509,Sunny Sladefield
3510,Rupert Ripple
3511,Gismo Tilling
3512,Gismo Tilling
3516,Fifi Eton
3517,Fifi Eton
3519,Fifi Eton
3520,Sunny Sladefield
3522,Rupert Ripple
3523,Rupert Ripple
3524,Sunny Sladefield
3525,Bruno Bellbrook
3526,Bruno Bellbrook
3527,Rupert Ripple
3528,Gismo Tilling
3529,Stacey Broad
3530,Fifi Eton
3532,Gismo Tilling
3534,Gismo Tilling
3535,Sunny Sladefield
3536,Rupert Ripple
3537,Stacey Broad
3538,Bruno Bellbrook
3539,Bruno Bellbrook
3541,Bruno Bellbrook
3542,Gismo Tilling
3543,Stacey Broad
3544,Fifi Eton
3545,Doris Bellasis
3546,Sunny Sladefield
3547,Stacey Broad
3548,Fifi Eton
3549,Rupert Ripple
3550,Gismo Tilling
3551,Bruno Bellbrook
3552,Fifi Eton
3553,Rupert Ripple
3554,Bruno Bellbrook
3555,Bruno Bellbrook
3557,Rupert Ripple
3558,Doris Bellasis
3560,Rupert Ripple
3561,Stacey Broad
3563,Gismo Tilling
3564,Stacey Broad
3565,Sunny Sladefield
3566,Rupert Ripple
3567,Gismo Tilling
3569,Sunny Sladefield
3570,Sunny Sladefield
3571,Doris Bellasis
3573,Bruno Bellbrook
3574,Doris Bellasis
3575,Sunny Sladefield
3578,Fifi Eton
3579,Gismo Tilling
3581,Bruno Bellbrook
3582,Stacey Broad
3583,Sunny Sladefield
3584,Sunny Sladefield
3585,Fifi Eton
3586,Rupert Ripple
3587,Doris Bellasis
3588,Fifi Eton
3589,Gismo Tilling
3590,Gismo Tilling
3591,Rupert Ripple
3592,Bruno Bellbrook
3593,Sunny Sladefield
3594,Gismo Tilling
3595,Stacey Broad
3596,Stacey Broad
3597,Sunny Sladefield
3598,Rupert Ripple
3601,Bruno Bellbrook
3603,Doris Bellasis
3604,Doris Bellasis
3605,Gismo Tilling
3606,Doris Bellasis
3607,Sunny Sladefield
3608,Sunny Sladefield
3609,Stacey Broad
3610,Fifi Eton
3611,Fifi Eton
3612,Gismo Tilling
3613,Rupert Ripple
3614,Sunny Sladefield
3615,Rupert Ripple
3619,Rupert Ripple
3621,Stacey Broad
3622,Rupert Ripple
3623,Sunny Sladefield
3624,Fifi Eton
3625,Sunny Sladefield
3627,Bruno Bellbrook
3628,Bruno Bellbrook
3629,Fifi Eton
3630,Doris Bellasis
3631,Bruno Bellbrook
3632,Bruno Bellbrook
3634,Bruno Bellbrook
3635,Sunny Sladefield
3637,Sunny Sladefield
3638,Fifi Eton
3640,Gismo Tilling
3642,Doris Bellasis
3643,Stacey Broad
3644,Stacey Broad
3645,Fifi Eton
3646,Fifi Eton
3649,Doris Bellasis
3650,Stacey Broad
3651,Fifi Eton
3652,Gismo Tilling
3653,Fifi Eton
3654,Stacey Broad
3655,Bruno Bellbrook
3657,Doris Bellasis
3660,Doris Bellasis
3661,Rupert Ripple
3662,Gismo Tilling
3663,Rupert Ripple
3664,Stacey Broad
3665,Doris Bellasis
3666,Rupert Ripple
3667,Fifi Eton
3669,Sunny Sladefield
3670,Bruno Bellbrook
3671,Bruno Bellbrook
3672,Rupert Ripple
3673,Bruno Bellbrook
3674,Fifi Eton
3675,Sunny Sladefield
3678,Stacey Broad
3679,Doris Bellasis
3681,Doris Bellasis
3683,Sunny Sladefield
3684,Doris Bellasis
3685,Gismo Tilling
3686,Stacey Broad
3687,Bruno Bellbrook
3689,Gismo Tilling
3691,Gismo Tilling
3692,Fifi Eton
3693,Doris Bellasis
3694,Rupert Ripple
3695,Rupert Ripple
3696,Rupert Ripple
3697,Sunny Sladefield
3698,Stacey Broad
3699,Stacey Broad
3700,Bruno Bellbrook
3701,Stacey Broad
3703,Sunny Sladefield
3706,Rupert Ripple
3707,Gismo Tilling
3708,Doris Bellasis
3709,Stacey Broad
3710,Sunny Sladefield
3711,Doris Bellasis
3713,Doris Bellasis
3714,Doris Bellasis
3715,Rupert Ripple
3716,Bruno Bellbrook
3717,Doris Bellasis
3718,Gismo Tilling
3719,Rupert Ripple
3720,Rupert Ripple
3721,Stacey Broad
3722,Doris Bellasis
3723,Stacey Broad
3724,Rupert Ripple
3725,Doris Bellasis
3727,Doris Bellasis
3728,Gismo Tilling
3729,Fifi Eton
3730,Stacey Broad
3732,Stacey Broad
3733,Doris Bellasis
3734,Doris Bellasis
3736,Doris Bellasis
3737,Bruno Bellbrook
3738,Bruno Bellbrook
3739,Bruno Bellbrook
3740,Gismo Tilling
3741,Bruno Bellbrook
3742,Sunny Sladefield
3743,Gismo Tilling
3745,Bruno Bellbrook
3746,Doris Bellasis
3748,Fifi Eton
3749,Fifi Eton
3750,Rupert Ripple
3751,Stacey Broad
3752,Stacey Broad
3753,Doris Bellasis
3754,Stacey Broad
3755,Stacey Broad
3756,Stacey Broad
3757,Fifi Eton
3758,Rupert Ripple
3759,Rupert Ripple
3761,Bruno Bellbrook
3762,Doris Bellasis
3764,Stacey Broad
3765,Stacey Broad
3766,Rupert Ripple
3767,Rupert Ripple
3768,Doris Bellasis
3769,Doris Bellasis
3770,Rupert Ripple
3771,Rupert Ripple
3772,Fifi Eton
3773,Rupert Ripple
3774,Sunny Sladefield
3775,Sunny Sladefield
3776,Sunny Sladefield
3777,Gismo Tilling
3778,Fifi Eton
3780,Sunny Sladefield
3781,Fifi Eton
3782,Bruno Bellbrook
3783,Bruno Bellbrook
3784,Doris Bellasis
3785,Gismo Tilling
3786,Sunny Sladefield
3787,Bruno Bellbrook
3788,Rupert Ripple
3789,Doris Bellasis
3790,Sunny Sladefield
3791,Rupert Ripple
3793,Fifi Eton
3794,Bruno Bellbrook
3795,Rupert Ripple
3796,Rupert Ripple
3797,Fifi Eton
3798,Sunny Sladefield
3799,Fifi Eton
3800,Rupert Ripple
3801,Rupert Ripple
3803,Fifi Eton
3804,Fifi Eton
3806,Rupert Ripple
3807,Sunny Sladefield
3808,Bruno Bellbrook
3809,Bruno Bellbrook
3810,Fifi Eton
3811,Doris Bellasis
3812,Rupert Ripple
3813,Fifi Eton
3814,Bruno Bellbrook
3815,Bruno Bellbrook
3816,Bruno Bellbrook
3817,Bruno Bellbrook
3818,Fifi Eton
3819,Gismo Tilling
3820,Fifi Eton
3821,Doris Bellasis
3822,Sunny Sladefield
3823,Stacey Broad
3825,Rupert Ripple
3826,Sunny Sladefield
3827,Doris Bellasis
3828,Gismo Tilling
3829,Gismo Tilling
3830,Fifi Eton
3832,Rupert Ripple
3833,Sunny Sladefield
3834,Stacey Broad
3837,Stacey Broad
3838,Rupert Ripple
3839,Gismo Tilling
3840,Sunny Sladefield
3841,Sunny Sladefield
3842,Fifi Eton
3843,Gismo Tilling
3844,Fifi Eton
3845,Stacey Broad
3846,Bruno Bellbrook
3847,Rupert Ripple
3848,Sunny Sladefield
3849,Stacey Broad
3850,Bruno Bellbrook
3851,Rupert Ripple
3852,Doris Bellasis
3853,Gismo Tilling
3854,Rupert Ripple
3855,Doris Bellasis
3856,Sunny Sladefield
3857,Bruno Bellbrook
3858,Doris Bellasis
3859,Bruno Bellbrook
3863,Sunny Sladefield
3864,Stacey Broad
3865,Fifi Eton
3866,Sunny Sladefield
3867,Bruno Bellbrook
3868,Rupert Ripple
3869,Sunny Sladefield
3871,Gismo Tilling
3872,Rupert Ripple
3873,Bruno Bellbrook
3874,Rupert Ripple
3875,Gismo Tilling
3876,Sunny Sladefield
3877,Fifi Eton
3878,Bruno Bellbrook
3879,Rupert Ripple
3880,Rupert Ripple
3881,Stacey Broad
3883,Stacey Broad
3884,Stacey Broad
3885,Rupert Ripple
3886,Sunny Sladefield
3887,Fifi Eton
3889,Stacey Broad
3891,Bruno Bellbrook
3892,Bruno Bellbrook
3895,Bruno Bellbrook
3897,Fifi Eton
3898,Rupert Ripple
3901,Stacey Broad
3902,Doris Bellasis
3903,Bruno Bellbrook
3904,Sunny Sladefield
3905,Bruno Bellbrook
3906,Stacey Broad
3907,Bruno Bellbrook
3908,Fifi Eton
3909,Bruno Bellbrook
3910,Doris Bellasis
3911,Stacey Broad
3912,Fifi Eton
3914,Bruno Bellbrook
3915,Gismo Tilling
3916,Doris Bellasis
3917,Bruno Bellbrook
3918,Sunny Sladefield
3920,Bruno Bellbrook
3921,Stacey Broad
3922,Stacey Broad
3923,Sunny Sladefield
3924,Rupert Ripple
3925,Bruno Bellbrook
3926,Rupert Ripple
3929,Rupert Ripple
3931,Rupert Ripple
3932,Gismo Tilling
3933,Rupert Ripple
3935,Gismo Tilling
3937,Bruno Bellbrook
3938,Sunny Sladefield
3939,Sunny Sladefield
3940,Doris Bellasis
3941,Fifi Eton
3942,Sunny Sladefield
3943,Sunny Sladefield
3944,Sunny Sladefield
3946,Doris Bellasis
3947,Sunny Sladefield
3948,Rupert Ripple
3949,Stacey Broad
3950,Fifi Eton
3952,Sunny Sladefield
3953,Rupert Ripple
3954,Rupert Ripple
3955,Stacey Broad
3956,Bruno Bellbrook
3957,Sunny Sladefield
3958,Doris Bellasis
3959,Sunny Sladefield
3960,Rupert Ripple
3961,Rupert Ripple
3964,Fifi Eton
3965,Doris Bellasis
3966,Gismo Tilling
3967,Sunny Sladefield
3968,Rupert Ripple
3969,Bruno Bellbrook
3970,Gismo Tilling
3971,Rupert Ripple
3973,Bruno Bellbrook
3974,Bruno Bellbrook
3975,Rupert Ripple
3976,Gismo Tilling
3977,Sunny Sladefield
3978,Doris Bellasis
3979,Bruno Bellbrook
3980,Stacey Broad
3981,Bruno Bellbrook
3982,Doris Bellasis
3983,Rupert Ripple
3984,Bruno Bellbrook
3985,Sunny Sladefield
3986,Stacey Broad
3987,Bruno Bellbrook
3988,Gismo Tilling
3989,Stacey Broad
3990,Bruno Bellbrook
3991,Stacey Broad
3992,Fifi Eton
3993,Doris Bellasis
3994,Gismo Tilling
3995,Doris Bellasis
3996,Rupert Ripple
3997,Rupert Ripple
3998,Rupert Ripple
3999,Rupert Ripple
4000,Doris Bellasis
4001,Sunny Sladefield
4002,Fifi Eton
4003,Sunny Sladefield
4004,Gismo Tilling
4005,Stacey Broad
4006,Stacey Broad
4007,Doris Bellasis
4008,Sunny Sladefield
4009,Stacey Broad
4010,Stacey Broad
4011,Bruno Bellbrook
4012,Bruno Bellbrook
4014,Sunny Sladefield
4016,Doris Bellasis
4017,Gismo Tilling
4019,Doris Bellasis
4020,Bruno Bellbrook
4021,Rupert Ripple
4022,Fifi Eton
4023,Bruno Bellbrook
4024,Stacey Broad
4025,Gismo Tilling
4026,Doris Bellasis
4027,Gismo Tilling
4028,Fifi Eton
4029,Sunny Sladefield
4030,Stacey Broad
4031,Bruno Bellbrook
4032,Bruno Bellbrook
4033,Stacey Broad
4034,Gismo Tilling
4035,Bruno Bellbrook
4036,Bruno Bellbrook
4037,Gismo Tilling
4038,Doris Bellasis
4039,Bruno Bellbrook
4040,Bruno Bellbrook
4041,Gismo Tilling
4042,Bruno Bellbrook
4043,Gismo Tilling
4044,Stacey Broad
4045,Gismo Tilling
4046,Rupert Ripple
4047,Bruno Bellbrook
4048,Fifi Eton
4049,Stacey Broad
4050,Stacey Broad
4051,Doris Bellasis
4052,Rupert Ripple
4053,Fifi Eton
4054,Stacey Broad
4055,Rupert Ripple
4056,Gismo Tilling
4057,Rupert Ripple
4058,Gismo Tilling
4059,Doris Bellasis
4060,Rupert Ripple
4061,Sunny Sladefield
4062,Gismo Tilling
4063,Gismo Tilling
4064,Bruno Bellbrook
4065,Stacey Broad
4066,Sunny Sladefield
4067,Doris Bellasis
4068,Bruno Bellbrook
4069,Fifi Eton
4070,Doris Bellasis
4072,Stacey Broad
4073,Gismo Tilling
4076,Stacey Broad
4077,Bruno Bellbrook
4078,Bruno Bellbrook
4079,Fifi Eton
4080,Doris Bellasis
4081,Rupert Ripple
4082,Bruno Bellbrook
4083,Sunny Sladefield
4084,Rupert Ripple
4085,Stacey Broad
4086,Fifi Eton
4087,Sunny Sladefield
4088,Rupert Ripple
4089,Rupert Ripple
4090,Doris Bellasis
4092,Doris Bellasis
4093,Fifi Eton
4094,Sunny Sladefield
4095,Sunny Sladefield
4096,Stacey Broad
4097,Rupert Ripple
4098,Rupert Ripple
4099,Doris Bellasis
4100,Doris Bellasis
4101,Sunny Sladefield
4102,Sunny Sladefield
4103,Doris Bellasis
4104,Stacey Broad
4105,Sunny Sladefield
4106,Bruno Bellbrook
4107,Rupert Ripple
4109,Gismo Tilling
4110,Doris Bellasis
4111,Fifi Eton
4113,Gismo Tilling
4114,Fifi Eton
4115,Doris Bellasis
4116,Doris Bellasis
4117,Stacey Broad
4118,Rupert Ripple
4119,Gismo Tilling
4120,Bruno Bellbrook
4121,Fifi Eton
4122,Sunny Sladefield
4123,Bruno Bellbrook
4124,Sunny Sladefield
4125,Sunny Sladefield
4126,Doris Bellasis
4128,Fifi Eton
4129,Doris Bellasis
4130,Doris Bellasis
4132,Bruno Bellbrook
4133,Bruno Bellbrook
4135,Doris Bellasis
4136,Bruno Bellbrook
4138,Stacey Broad
4139,Sunny Sladefield
4140,Fifi Eton
4141,Doris Bellasis
4142,Doris Bellasis
4143,Rupert Ripple
4144,Rupert Ripple
4145,Bruno Bellbrook
4146,Bruno Bellbrook
4147,Doris Bellasis
4148,Stacey Broad
4149,Sunny Sladefield
4150,Stacey Broad
4151,Rupert Ripple
4153,Stacey Broad
4154,Stacey Broad
4156,Fifi Eton
4157,Rupert Ripple
4158,Doris Bellasis
4160,Doris Bellasis
4161,Sunny Sladefield
4162,Stacey Broad
4163,Fifi Eton
4164,Sunny Sladefield
4165,Fifi Eton
4166,Rupert Ripple
4167,Fifi Eton
4168,Stacey Broad
4169,Sunny Sladefield
4170,Rupert Ripple
4171,Bruno Bellbrook
4173,Fifi Eton
4174,Sunny Sladefield
4175,Gismo Tilling
4176,Rupert Ripple
4177,Gismo Tilling
4178,Sunny Sladefield
4179,Gismo Tilling
4180,Sunny Sladefield
4181,Doris Bellasis
4182,Stacey Broad
4184,Rupert Ripple
4185,Gismo Tilling
4186,Sunny Sladefield
4187,Sunny Sladefield
4188,Fifi Eton
4189,Gismo Tilling
4190,Stacey Broad
4192,Doris Bellasis
4193,Rupert Ripple
4194,Stacey Broad
4195,Fifi Eton
4196,Doris Bellasis
4197,Bruno Bellbrook
4198,Bruno Bellbrook
4199,Rupert Ripple
4200,Gismo Tilling
4202,Sunny Sladefield
4203,Stacey Broad
4204,Sunny Sladefield
4205,Rupert Ripple
4206,Rupert Ripple
4207,Fifi Eton
4208,Stacey Broad
4209,Gismo Tilling
4210,Gismo Tilling
4211,Rupert Ripple
4212,Stacey Broad
4213,Gismo Tilling
4214,Rupert Ripple
4215,Rupert Ripple
4216,Rupert Ripple
4217,Rupert Ripple
4219,Fifi Eton
4221,Doris Bellasis
4222,Rupert Ripple
4223,Sunny Sladefield
4224,Doris Bellasis
4225,Stacey Broad
4226,Stacey Broad
4227,Fifi Eton
4228,Stacey Broad
4229,Sunny Sladefield
4230,Rupert Ripple
4231,Doris Bellasis
4232,Stacey Broad
4233,Bruno Bellbrook
4234,Doris Bellasis
4235,Sunny Sladefield
4236,Bruno Bellbrook
4237,Doris Bellasis
4238,Sunny Sladefield
4239,Gismo Tilling
4240,Stacey Broad
4241,Sunny Sladefield
4242,Bruno Bellbrook
4243,Fifi Eton
4245,Gismo Tilling
4246,Gismo Tilling
4247,Sunny Sladefield
4248,Doris Bellasis
4249,Doris Bellasis
4250,Rupert Ripple
4251,Rupert Ripple
4252,Gismo Tilling
4253,Doris Bellasis
4255,Bruno Bellbrook
4256,Fifi Eton
4257,Fifi Eton
4258,Bruno Bellbrook
4260,Rupert Ripple
4261,Stacey Broad
4262,Sunny Sladefield
4263,Stacey Broad
4264,Sunny Sladefield
4265,Sunny Sladefield
4266,Sunny Sladefield
4267,Rupert Ripple
4268,Bruno Bellbrook
4269,Rupert Ripple
4270,Fifi Eton
4271,Sunny Sladefield
4273,Gismo Tilling
4274,Gismo Tilling
4275,Fifi Eton
4277,Sunny Sladefield
4278,Gismo Tilling
4279,Doris Bellasis
4280,Sunny Sladefield
4281,Rupert Ripple
4283,Stacey Broad
4285,Bruno Bellbrook
4286,Doris Bellasis
4287,Fifi Eton
4288,Rupert Ripple
4290,Gismo Tilling
4291,Stacey Broad
4293,Doris Bellasis
4295,Stacey Broad
4296,Doris Bellasis
4297,Bruno Bellbrook
4298,Fifi Eton
4299,Rupert Ripple
4300,Fifi Eton
4301,Doris Bellasis
4302,Stacey Broad
4303,Stacey Broad
4304,Fifi Eton
4306,Bruno Bellbrook
4307,Stacey Broad
4308,Doris Bellasis
4309,Fifi Eton
4310,Rupert Ripple
4312,Fifi Eton
4313,Doris Bellasis
4314,Fifi Eton
4316,Rupert Ripple
4317,Sunny Sladefield
4318,Gismo Tilling
4319,Rupert Ripple
4320,Doris Bellasis
4321,Gismo Tilling
4322,Sunny Sladefield
4324,Bruno Bellbrook
4325,Fifi Eton
4326,Doris Bellasis
4328,Bruno Bellbrook
4329,Doris Bellasis
4330,Rupert Ripple
4331,Sunny Sladefield
4332,Stacey Broad
4333,Gismo Tilling
4334,Stacey Broad
4336,Stacey Broad
4337,Gismo Tilling
4338,Bruno Bellbrook
4339,Fifi Eton
4340,Doris Bellasis
4341,Bruno Bellbrook
4342,Doris Bellasis
4343,Fifi Eton
4344,Sunny Sladefield
4345,Doris Bellasis
4346,Bruno Bellbrook
4347,Sunny Sladefield
4348,Stacey Broad
4349,Stacey Broad
4350,Fifi Eton
4351,Fifi Eton
4352,Sunny Sladefield
4353,Sunny Sladefield
4354,Bruno Bellbrook
4355,Gismo Tilling
4356,Bruno Bellbrook
4357,Rupert Ripple
4358,Bruno Bellbrook
4359,Sunny Sladefield
4360,Rupert Ripple
4361,Bruno Bellbrook
4362,Sunny Sladefield
4364,Gismo Tilling
4365,Bruno Bellbrook
4366,Gismo Tilling
4367,Stacey Broad
4368,Bruno Bellbrook
4369,Doris Bellasis
4370,Fifi Eton
4371,Rupert Ripple
4372,Gismo Tilling
4373,Sunny Sladefield
4374,Sunny Sladefield
4375,Doris Bellasis
4376,Sunny Sladefield
4377,Stacey Broad
4378,Sunny Sladefield
4379,Sunny Sladefield
4380,Bruno Bellbrook
4381,Sunny Sladefield
4382,Sunny Sladefield
4383,Gismo Tilling
4384,Bruno Bellbrook
4385,Gismo Tilling
4386,Stacey Broad
4387,Doris Bellasis
4388,Bruno Bellbrook
4389,Fifi Eton
4390,Rupert Ripple
4391,Bruno Bellbrook
4392,Gismo Tilling
4393,Fifi Eton
4394,Doris Bellasis
4395,Rupert Ripple
4397,Fifi Eton
4398,Stacey Broad
4399,Rupert Ripple
4400,Gismo Tilling
4401,Stacey Broad
4402,Stacey Broad
4403,Gismo Tilling
4404,Stacey Broad
4405,Doris Bellasis
4406,Bruno Bellbrook
4407,Rupert Ripple
4408,Rupert Ripple
4409,Bruno Bellbrook
4411,Doris Bellasis
4413,Bruno Bellbrook
4414,Bruno Bellbrook
4415,Sunny Sladefield
4416,Bruno Bellbrook
4418,Sunny Sladefield
4419,Rupert Ripple
4420,Rupert Ripple
4421,Gismo Tilling
4422,Rupert Ripple
4423,Bruno Bellbrook
4425,Sunny Sladefield
4426,Bruno Bellbrook
4427,Bruno Bellbrook
4428,Stacey Broad
4429,Sunny Sladefield
4430,Rupert Ripple
4431,Rupert Ripple
4432,Bruno Bellbrook
4433,Stacey Broad
4434,Doris Bellasis
4435,Stacey Broad
4436,Doris Bellasis
4437,Sunny Sladefield
4438,Fifi Eton
4439,Stacey Broad
4440,Sunny Sladefield
4441,Bruno Bellbrook
4443,Rupert Ripple
4444,Gismo Tilling
4445,Stacey Broad
4446,Rupert Ripple
4447,Fifi Eton
4448,Gismo Tilling
4449,Bruno Bellbrook
4450,Doris Bellasis
4451,Fifi Eton
4452,Fifi Eton
4453,Fifi Eton
4454,Fifi Eton
4455,Rupert Ripple
4457,Stacey Broad
4458,Rupert Ripple
4460,Rupert Ripple
4462,Sunny Sladefield
4463,Rupert Ripple
4464,Fifi Eton
4465,Bruno Bellbrook
4466,Doris Bellasis
4467,Stacey Broad
4468,Sunny Sladefield
4469,Stacey Broad
4470,Rupert Ripple
4471,Fifi Eton
4472,Doris Bellasis
4473,Doris Bellasis
4474,Rupert Ripple
4475,Gismo Tilling
4476,Fifi Eton
4477,Gismo Tilling
4478,Gismo Tilling
4479,Gismo Tilling
4480,Gismo Tilling
4481,Rupert Ripple
4482,Sunny Sladefield
4483,Rupert Ripple
4484,Sunny Sladefield
4485,Bruno Bellbrook
4486,Rupert Ripple
4487,Doris Bellasis
4488,Stacey Broad
4489,Doris Bellasis
4490,Rupert Ripple
4491,Gismo Tilling
4494,Sunny Sladefield
4495,Rupert Ripple
4496,Bruno Bellbrook
4497,Rupert Ripple
4499,Rupert Ripple
4500,Bruno Bellbrook
4501,Stacey Broad
4502,Gismo Tilling
4503,Fifi Eton
4504,Gismo Tilling
4505,Fifi Eton
4506,Sunny Sladefield
4507,Stacey Broad
4508,Doris Bellasis
4509,Doris Bellasis
4510,Fifi Eton
4511,Stacey Broad
4512,Gismo Tilling
4513,Stacey Broad
4514,Fifi Eton
4515,Bruno Bellbrook
4516,Stacey Broad
4517,Sunny Sladefield
4518,Sunny Sladefield
4519,Fifi Eton
4520,Fifi Eton
4521,Stacey Broad
4522,Rupert Ripple
4523,Sunny Sladefield
4524,Bruno Bellbrook
4525,Doris Bellasis
4526,Bruno Bellbrook
4527,Doris Bellasis
4528,Rupert Ripple
4529,Bruno Bellbrook
4530,Fifi Eton
4531,Fifi Eton
4533,Gismo Tilling
4534,Stacey Broad
4535,Sunny Sladefield
4536,Fifi Eton
4537,Doris Bellasis
4538,Fifi Eton
4539,Fifi Eton
4540,Bruno Bellbrook
4541,Sunny Sladefield
4542,Rupert Ripple
4543,Stacey Broad
4544,Doris Bellasis
4545,Stacey Broad
4546,Doris Bellasis
4547,Sunny Sladefield
4548,Fifi Eton
4549,Stacey Broad
4550,Doris Bellasis
4552,Bruno Bellbrook
4553,Bruno Bellbrook
4555,Doris Bellasis
4556,Rupert Ripple
4557,Bruno Bellbrook
4558,Rupert Ripple
4559,Gismo Tilling
4560,Gismo Tilling
4561,Stacey Broad
4563,Rupert Ripple
4564,Bruno Bellbrook
4565,Rupert Ripple
4566,Fifi Eton
4567,Rupert Ripple
4569,Stacey Broad
4570,Bruno Bellbrook
4571,Bruno Bellbrook
4572,Doris Bellasis
4573,Rupert Ripple
4574,Rupert Ripple
4575,Fifi Eton
4576,Stacey Broad
4577,Fifi Eton
4578,Sunny Sladefield
4579,Bruno Bellbrook
4580,Fifi Eton
4581,Rupert Ripple
4582,Doris Bellasis
4583,Rupert Ripple
4585,Gismo Tilling
4586,Gismo Tilling
4587,Fifi Eton
4588,Doris Bellasis
4589,Rupert Ripple
4590,Bruno Bellbrook
4591,Bruno Bellbrook
4592,Bruno Bellbrook
4593,Stacey Broad
4594,Stacey Broad
4595,Bruno Bellbrook
4596,Bruno Bellbrook
4597,Bruno Bellbrook
4598,Fifi Eton
4599,Gismo Tilling
4600,Doris Bellasis
4601,Bruno Bellbrook
4602,Bruno Bellbrook
4603,Doris Bellasis
4605,Sunny Sladefield
4607,Doris Bellasis
4608,Sunny Sladefield
4610,Sunny Sladefield
4611,Rupert Ripple
4612,Gismo Tilling
4613,Stacey Broad
4614,Fifi Eton
4616,Bruno Bellbrook
4617,Fifi Eton
4618,Rupert Ripple
4619,Bruno Bellbrook
4621,Rupert Ripple
4622,Sunny Sladefield
4623,Doris Bellasis
4624,Fifi Eton
4625,Rupert Ripple
4626,Doris Bellasis
4627,Sunny Sladefield
4628,Rupert Ripple
4629,Rupert Ripple
4630,Bruno Bellbrook
4631,Fifi Eton
4632,Stacey Broad
4633,Doris Bellasis
4634,Doris Bellasis
4635,Stacey Broad
4636,Stacey Broad
4637,Sunny Sladefield
4638,Stacey Broad
4639,Rupert Ripple
4640,Gismo Tilling
4641,Stacey Broad
4642,Doris Bellasis
4643,Fifi Eton
4644,Bruno Bellbrook
4645,Sunny Sladefield
4647,Rupert Ripple
4648,Bruno Bellbrook
4649,Rupert Ripple
4650,Rupert Ripple
4651,Sunny Sladefield
4652,Rupert Ripple
4653,Fifi Eton
4654,Stacey Broad
4656,Rupert Ripple
4657,Sunny Sladefield
4658,Bruno Bellbrook
4659,Rupert Ripple
4660,Rupert Ripple
4661,Fifi Eton
4662,Bruno Bellbrook
4663,Fifi Eton
4664,Fifi Eton
4665,Rupert Ripple
4666,Sunny Sladefield
4667,Doris Bellasis
4668,Stacey Broad
4669,Sunny Sladefield
4670,Doris Bellasis
4671,Rupert Ripple
4672,Sunny Sladefield
4674,Sunny Sladefield
4675,Doris Bellasis
4676,Rupert Ripple
4677,Bruno Bellbrook
4678,Doris Bellasis
4679,Fifi Eton
4680,Bruno Bellbrook
4682,Rupert Ripple
4683,Rupert Ripple
4684,Fifi Eton
4685,Fifi Eton
4686,Sunny Sladefield
4687,Bruno Bellbrook
4688,Stacey Broad
4689,Fifi Eton
4690,Bruno Bellbrook
4691,Rupert Ripple
